DATE,TMAX
2015-01-01,0.39
2015-01-02,0.5599999999999999
2015-01-03,0.5599999999999999
2015-01-04,1.33
2015-01-05,0.9400000000000001
2015-01-06,-0.55
2015-01-07,-0.49000000000000005
2015-01-08,-0.6
2015-01-09,0.06
2015-01-10,-0.49000000000000005
2015-01-11,0.27999999999999997
2015-01-12,0.39
2015-01-13,0.22000000000000003
2015-01-14,0.0
2015-01-15,0.16999999999999998
2015-01-16,0.61
2015-01-17,0.0
2015-01-18,0.5599999999999999
2015-01-19,0.5599999999999999
2015-01-20,0.44000000000000006
2015-01-21,0.22000000000000003
2015-01-22,0.44000000000000006
2015-01-23,0.39
2015-01-24,0.39
2015-01-25,0.5599999999999999
2015-01-26,-0.05
2015-01-27,-0.1
2015-01-28,0.11000000000000001
2015-01-29,0.22000000000000003
2015-01-30,0.32999999999999996
2015-01-31,-0.32
2015-02-01,0.22000000000000003
2015-02-02,0.11000000000000001
2015-02-03,-0.32
2015-02-04,0.61
2015-02-05,0.5599999999999999
2015-02-06,-0.27
2015-02-07,0.44000000000000006
2015-02-08,0.27999999999999997
2015-02-09,-0.16
2015-02-10,0.44000000000000006
2015-02-11,0.11000000000000001
2015-02-12,0.44000000000000006
2015-02-13,-0.6
2015-02-14,0.0
2015-02-15,-0.38
2015-02-16,-0.6
2015-02-17,-0.27
2015-02-18,0.06
2015-02-19,-0.27
2015-02-20,-0.71
2015-02-21,0.0
2015-02-22,0.61
2015-02-23,0.32999999999999996
2015-02-24,-0.43
2015-02-25,0.27999999999999997
2015-02-26,0.0
2015-02-27,-0.1
2015-02-28,-0.16
2015-03-01,-0.05
2015-03-02,0.39
2015-03-03,0.27999999999999997
2015-03-04,0.72
2015-03-05,0.44000000000000006
2015-03-06,-0.27
2015-03-07,0.32999999999999996
2015-03-08,0.9400000000000001
2015-03-09,1.22
2015-03-10,1.17
2015-03-11,1.5
2015-03-12,0.8300000000000001
2015-03-13,0.61
2015-03-14,1.06
2015-03-15,0.67
2015-03-16,1.1099999999999999
2015-03-17,1.3900000000000001
2015-03-18,0.39
2015-03-19,0.61
2015-03-20,0.32999999999999996
2015-03-21,0.8300000000000001
2015-03-22,0.61
2015-03-23,0.32999999999999996
2015-03-24,0.72
2015-03-25,0.9400000000000001
2015-03-26,1.67
2015-03-27,0.78
2015-03-28,0.44000000000000006
2015-03-29,0.78
2015-03-30,1.22
2015-03-31,0.8300000000000001
2015-04-01,1.06
2015-04-02,1.94
2015-04-03,1.78
2015-04-04,1.56
2015-04-05,1.61
2015-04-06,1.72
2015-04-07,1.67
2015-04-08,0.72
2015-04-09,0.61
2015-04-10,1.33
2015-04-11,1.3900000000000001
2015-04-12,1.89
2015-04-13,2.0
2015-04-14,1.83
2015-04-15,2.2199999999999998
2015-04-16,1.78
2015-04-17,2.17
2015-04-18,2.67
2015-04-19,1.78
2015-04-20,1.3900000000000001
2015-04-21,1.83
2015-04-22,2.06
2015-04-23,1.1099999999999999
2015-04-24,1.1099999999999999
2015-04-25,1.67
2015-04-26,1.78
2015-04-27,1.67
2015-04-28,2.17
2015-04-29,2.56
2015-04-30,1.94
2015-05-01,1.72
2015-05-02,2.33
2015-05-03,2.67
2015-05-04,2.94
2015-05-05,2.94
2015-05-06,2.2800000000000002
2015-05-07,2.67
2015-05-08,2.7800000000000002
2015-05-09,2.1100000000000003
2015-05-10,2.83
2015-05-11,2.8899999999999997
2015-05-12,3.0
2015-05-13,2.1100000000000003
2015-05-14,2.2800000000000002
2015-05-15,2.3899999999999997
2015-05-16,2.3899999999999997
2015-05-17,2.83
2015-05-18,2.3899999999999997
2015-05-19,2.67
2015-05-20,1.94
2015-05-21,1.67
2015-05-22,2.33
2015-05-23,2.1100000000000003
2015-05-24,2.7199999999999998
2015-05-25,2.94
2015-05-26,3.1100000000000003
2015-05-27,2.94
2015-05-28,2.94
2015-05-29,2.94
2015-05-30,2.94
2015-05-31,3.06
2015-06-01,1.44
2015-06-02,1.28
2015-06-03,2.1100000000000003
2015-06-04,1.83
2015-06-05,2.1100000000000003
2015-06-06,2.44
2015-06-07,2.33
2015-06-08,2.6100000000000003
2015-06-09,2.83
2015-06-10,2.7800000000000002
2015-06-11,3.17
2015-06-12,3.1100000000000003
2015-06-13,3.0
2015-06-14,3.1100000000000003
2015-06-15,2.83
2015-06-16,2.6100000000000003
2015-06-17,2.7800000000000002
2015-06-18,2.17
2015-06-19,3.06
2015-06-20,2.3899999999999997
2015-06-21,3.1100000000000003
2015-06-22,3.06
2015-06-23,3.22
2015-06-24,2.8899999999999997
2015-06-25,2.83
2015-06-26,2.7199999999999998
2015-06-27,2.17
2015-06-28,2.2800000000000002
2015-06-29,2.44
2015-06-30,2.7800000000000002
2015-07-01,2.7800000000000002
2015-07-02,2.67
2015-07-03,2.7800000000000002
2015-07-04,2.3899999999999997
2015-07-05,2.83
2015-07-06,2.83
2015-07-07,3.1100000000000003
2015-07-08,3.1100000000000003
2015-07-09,2.6100000000000003
2015-07-10,2.8899999999999997
2015-07-11,3.1100000000000003
2015-07-12,3.17
2015-07-13,3.1100000000000003
2015-07-14,2.7800000000000002
2015-07-15,2.7199999999999998
2015-07-16,2.67
2015-07-17,2.7199999999999998
2015-07-18,2.94
2015-07-19,3.3899999999999997
2015-07-20,3.44
2015-07-21,3.17
2015-07-22,2.94
2015-07-23,3.0
2015-07-24,3.06
2015-07-25,3.1100000000000003
2015-07-26,3.22
2015-07-27,3.0
2015-07-28,3.5
2015-07-29,3.56
2015-07-30,3.06
2015-07-31,3.17
2015-08-01,3.17
2015-08-02,3.17
2015-08-03,3.22
2015-08-04,3.17
2015-08-05,3.06
2015-08-06,2.83
2015-08-07,2.8899999999999997
2015-08-08,2.7800000000000002
2015-08-09,2.94
2015-08-10,2.8899999999999997
2015-08-11,2.7199999999999998
2015-08-12,2.94
2015-08-13,2.83
2015-08-14,3.1100000000000003
2015-08-15,3.3299999999999996
2015-08-16,3.3899999999999997
2015-08-17,3.5
2015-08-18,3.22
2015-08-19,3.06
2015-08-20,3.0
2015-08-21,3.06
2015-08-22,3.0
2015-08-23,2.94
2015-08-24,3.06
2015-08-25,3.22
2015-08-26,2.94
2015-08-27,2.7800000000000002
2015-08-28,2.7800000000000002
2015-08-29,3.06
2015-08-30,3.22
2015-08-31,3.28
2015-09-01,3.22
2015-09-02,3.28
2015-09-03,3.3899999999999997
2015-09-04,2.94
2015-09-05,2.83
2015-09-06,3.06
2015-09-07,3.3299999999999996
2015-09-08,3.6100000000000003
2015-09-09,3.22
2015-09-10,2.6100000000000003
2015-09-11,2.7199999999999998
2015-09-12,2.6100000000000003
2015-09-13,2.67
2015-09-14,2.5
2015-09-15,2.8899999999999997
2015-09-16,3.1100000000000003
2015-09-17,3.17
2015-09-18,3.06
2015-09-19,2.83
2015-09-20,2.6100000000000003
2015-09-21,2.2800000000000002
2015-09-22,2.17
2015-09-23,2.67
2015-09-24,2.7800000000000002
2015-09-25,2.44
2015-09-26,2.2199999999999998
2015-09-27,2.17
2015-09-28,2.56
2015-09-29,2.83
2015-09-30,2.6100000000000003
2015-10-01,1.78
2015-10-02,1.3900000000000001
2015-10-03,1.28
2015-10-04,1.72
2015-10-05,1.94
2015-10-06,2.2800000000000002
2015-10-07,2.2800000000000002
2015-10-08,2.2199999999999998
2015-10-09,2.56
2015-10-10,1.83
2015-10-11,2.06
2015-10-12,2.5
2015-10-13,2.2199999999999998
2015-10-14,2.06
2015-10-15,1.78
2015-10-16,1.78
2015-10-17,1.33
2015-10-18,1.0
2015-10-19,1.17
2015-10-20,2.1100000000000003
2015-10-21,2.44
2015-10-22,2.3899999999999997
2015-10-23,1.83
2015-10-24,1.3900000000000001
2015-10-25,2.0
2015-10-26,1.44
2015-10-27,1.5
2015-10-28,2.06
2015-10-29,2.2800000000000002
2015-10-30,1.61
2015-10-31,1.33
2015-11-01,1.83
2015-11-02,1.72
2015-11-03,2.2199999999999998
2015-11-04,2.1100000000000003
2015-11-05,2.17
2015-11-06,2.33
2015-11-07,2.2199999999999998
2015-11-08,1.33
2015-11-09,1.5
2015-11-10,1.3900000000000001
2015-11-11,1.44
2015-11-12,1.61
2015-11-13,1.44
2015-11-14,0.9400000000000001
2015-11-15,1.44
2015-11-16,1.94
2015-11-17,1.1099999999999999
2015-11-18,1.44
2015-11-19,1.78
2015-11-20,1.78
2015-11-21,1.17
2015-11-22,1.28
2015-11-23,0.67
2015-11-24,0.78
2015-11-25,1.0
2015-11-26,1.56
2015-11-27,1.78
2015-11-28,1.78
2015-11-29,0.9400000000000001
2015-11-30,0.8300000000000001
2015-12-01,1.06
2015-12-02,1.3900000000000001
2015-12-03,1.28
2015-12-04,1.06
2015-12-05,1.06
2015-12-06,1.17
2015-12-07,1.22
2015-12-08,0.9400000000000001
2015-12-09,1.28
2015-12-10,1.56
2015-12-11,1.61
2015-12-12,1.89
2015-12-13,1.94
2015-12-14,1.94
2015-12-15,2.0
2015-12-16,1.17
2015-12-17,1.5
2015-12-18,1.3900000000000001
2015-12-19,0.44000000000000006
2015-12-20,0.61
2015-12-21,1.33
2015-12-22,1.67
2015-12-23,1.78
2015-12-24,2.2199999999999998
2015-12-25,1.89
2015-12-26,1.5
2015-12-27,1.61
2015-12-28,0.78
2015-12-29,0.78
2015-12-30,0.89
2015-12-31,0.89
2016-01-01,0.5599999999999999
2016-01-02,0.44000000000000006
2016-01-03,0.72
2016-01-04,0.22000000000000003
2016-01-05,-0.16
2016-01-06,0.5
2016-01-07,0.78
2016-01-08,0.78
2016-01-09,0.8300000000000001
2016-01-10,1.5
2016-01-11,0.44000000000000006
2016-01-12,0.67
2016-01-13,-0.1
2016-01-14,0.32999999999999996
2016-01-15,1.06
2016-01-16,1.1099999999999999
2016-01-17,0.5599999999999999
2016-01-18,-0.05
2016-01-19,-0.21000000000000002
2016-01-20,0.27999999999999997
2016-01-21,0.22000000000000003
2016-01-22,-0.1
2016-01-23,-0.27
2016-01-24,0.16999999999999998
2016-01-25,0.39
2016-01-26,0.89
2016-01-27,0.8300000000000001
2016-01-28,0.5599999999999999
2016-01-29,0.5
2016-01-30,0.39
2016-01-31,1.33
2016-02-01,1.5
2016-02-02,1.0
2016-02-03,1.5
2016-02-04,1.5
2016-02-05,0.67
2016-02-06,0.44000000000000006
2016-02-07,0.8300000000000001
2016-02-08,0.39
2016-02-09,0.22000000000000003
2016-02-10,0.39
2016-02-11,-0.05
2016-02-12,-0.27
2016-02-13,-0.55
2016-02-14,-0.93
2016-02-15,0.16999999999999998
2016-02-16,1.22
2016-02-17,0.39
2016-02-18,0.22000000000000003
2016-02-19,0.39
2016-02-20,1.61
2016-02-21,1.28
2016-02-22,1.1099999999999999
2016-02-23,0.44000000000000006
2016-02-24,1.56
2016-02-25,1.61
2016-02-26,0.39
2016-02-27,0.5
2016-02-28,1.56
2016-02-29,1.61
2016-03-01,1.1099999999999999
2016-03-02,1.28
2016-03-03,0.22000000000000003
2016-03-04,0.39
2016-03-05,0.5
2016-03-06,0.67
2016-03-07,1.56
2016-03-08,1.94
2016-03-09,2.5
2016-03-10,2.6100000000000003
2016-03-11,2.0
2016-03-12,1.5
2016-03-13,1.67
2016-03-14,1.06
2016-03-15,1.3900000000000001
2016-03-16,1.83
2016-03-17,1.72
2016-03-18,1.3900000000000001
2016-03-19,0.78
2016-03-20,0.61
2016-03-21,1.0
2016-03-22,1.33
2016-03-23,2.17
2016-03-24,1.28
2016-03-25,2.2199999999999998
2016-03-26,1.28
2016-03-27,1.28
2016-03-28,1.67
2016-03-29,1.17
2016-03-30,1.33
2016-03-31,2.2800000000000002
2016-04-01,2.6100000000000003
2016-04-02,1.61
2016-04-03,1.0
2016-04-04,0.72
2016-04-05,0.61
2016-04-06,0.89
2016-04-07,1.44
2016-04-08,1.0
2016-04-09,0.61
2016-04-10,1.0
2016-04-11,1.83
2016-04-12,1.5
2016-04-13,1.44
2016-04-14,1.67
2016-04-15,1.83
2016-04-16,2.0
2016-04-17,2.3899999999999997
2016-04-18,2.7800000000000002
2016-04-19,2.2800000000000002
2016-04-20,2.06
2016-04-21,2.2800000000000002
2016-04-22,2.6100000000000003
2016-04-23,2.17
2016-04-24,2.0
2016-04-25,2.06
2016-04-26,1.56
2016-04-27,1.67
2016-04-28,1.5
2016-04-29,1.44
2016-04-30,1.83
2016-05-01,1.06
2016-05-02,1.56
2016-05-03,1.33
2016-05-04,1.1099999999999999
2016-05-05,1.3900000000000001
2016-05-06,1.22
2016-05-07,1.56
2016-05-08,1.89
2016-05-09,2.2199999999999998
2016-05-10,1.72
2016-05-11,2.44
2016-05-12,2.67
2016-05-13,1.83
2016-05-14,2.2800000000000002
2016-05-15,1.5
2016-05-16,1.89
2016-05-17,1.78
2016-05-18,2.0
2016-05-19,2.2800000000000002
2016-05-20,2.44
2016-05-21,1.89
2016-05-22,2.1100000000000003
2016-05-23,2.56
2016-05-24,2.2800000000000002
2016-05-25,3.1100000000000003
2016-05-26,3.22
2016-05-27,3.06
2016-05-28,3.3299999999999996
2016-05-29,3.06
2016-05-30,2.7800000000000002
2016-05-31,2.94
2016-06-01,2.83
2016-06-02,2.56
2016-06-03,2.1100000000000003
2016-06-04,2.83
2016-06-05,2.17
2016-06-06,2.83
2016-06-07,2.94
2016-06-08,1.94
2016-06-09,2.17
2016-06-10,2.5
2016-06-11,3.1100000000000003
2016-06-12,2.83
2016-06-13,2.33
2016-06-14,2.6100000000000003
2016-06-15,2.94
2016-06-16,2.33
2016-06-17,2.56
2016-06-18,3.06
2016-06-19,3.1100000000000003
2016-06-20,2.8899999999999997
2016-06-21,3.06
2016-06-22,3.0
2016-06-23,2.83
2016-06-24,2.8899999999999997
2016-06-25,3.0
2016-06-26,3.06
2016-06-27,2.83
2016-06-28,2.44
2016-06-29,2.83
2016-06-30,2.94
2016-07-01,2.6100000000000003
2016-07-02,2.44
2016-07-03,2.56
2016-07-04,2.8899999999999997
2016-07-05,3.0
2016-07-06,3.28
2016-07-07,3.17
2016-07-08,3.0
2016-07-09,2.2199999999999998
2016-07-10,2.67
2016-07-11,2.7199999999999998
2016-07-12,2.7800000000000002
2016-07-13,2.94
2016-07-14,3.1100000000000003
2016-07-15,3.1100000000000003
2016-07-16,3.22
2016-07-17,3.17
2016-07-18,3.3899999999999997
2016-07-19,2.83
2016-07-20,2.94
2016-07-21,3.22
2016-07-22,3.44
2016-07-23,3.56
2016-07-24,3.44
2016-07-25,3.3899999999999997
2016-07-26,3.17
2016-07-27,3.28
2016-07-28,3.5
2016-07-29,2.94
2016-07-30,2.8899999999999997
2016-07-31,2.56
2016-08-01,2.67
2016-08-02,2.6100000000000003
2016-08-03,2.67
2016-08-04,2.7199999999999998
2016-08-05,2.83
2016-08-06,3.06
2016-08-07,3.0
2016-08-08,3.0
2016-08-09,3.06
2016-08-10,3.0
2016-08-11,3.28
2016-08-12,3.3899999999999997
2016-08-13,3.56
2016-08-14,3.44
2016-08-15,3.3299999999999996
2016-08-16,3.06
2016-08-17,2.94
2016-08-18,2.94
2016-08-19,3.1100000000000003
2016-08-20,2.83
2016-08-21,3.0
2016-08-22,2.6100000000000003
2016-08-23,2.7800000000000002
2016-08-24,3.1100000000000003
2016-08-25,3.0
2016-08-26,3.22
2016-08-27,3.17
2016-08-28,3.17
2016-08-29,3.28
2016-08-30,3.0
2016-08-31,3.17
2016-09-01,2.6100000000000003
2016-09-02,2.7199999999999998
2016-09-03,2.3899999999999997
2016-09-04,2.67
2016-09-05,2.8899999999999997
2016-09-06,2.67
2016-09-07,2.94
2016-09-08,3.17
2016-09-09,3.28
2016-09-10,3.22
2016-09-11,2.83
2016-09-12,2.56
2016-09-13,2.83
2016-09-14,3.28
2016-09-15,2.33
2016-09-16,2.2800000000000002
2016-09-17,2.5
2016-09-18,2.7800000000000002
2016-09-19,2.44
2016-09-20,2.7800000000000002
2016-09-21,2.8899999999999997
2016-09-22,3.0
2016-09-23,3.06
2016-09-24,2.17
2016-09-25,2.1100000000000003
2016-09-26,2.33
2016-09-27,2.33
2016-09-28,2.06
2016-09-29,1.78
2016-09-30,1.5
2016-10-01,1.67
2016-10-02,1.72
2016-10-03,2.2199999999999998
2016-10-04,2.06
2016-10-05,1.94
2016-10-06,2.2800000000000002
2016-10-07,2.3899999999999997
2016-10-08,2.0
2016-10-09,1.83
2016-10-10,1.78
2016-10-11,1.72
2016-10-12,1.89
2016-10-13,1.94
2016-10-14,1.67
2016-10-15,1.83
2016-10-16,2.06
2016-10-17,2.7199999999999998
2016-10-18,2.7199999999999998
2016-10-19,2.94
2016-10-20,2.1100000000000003
2016-10-21,2.06
2016-10-22,1.3900000000000001
2016-10-23,1.61
2016-10-24,1.67
2016-10-25,1.1099999999999999
2016-10-26,1.06
2016-10-27,1.28
2016-10-28,1.06
2016-10-29,1.78
2016-10-30,2.44
2016-10-31,1.22
2016-11-01,1.44
2016-11-02,2.1100000000000003
2016-11-03,2.2199999999999998
2016-11-04,1.61
2016-11-05,1.67
2016-11-06,1.5
2016-11-07,1.17
2016-11-08,1.89
2016-11-09,1.5
2016-11-10,1.33
2016-11-11,1.72
2016-11-12,1.0
2016-11-13,1.61
2016-11-14,1.67
2016-11-15,1.33
2016-11-16,1.61
2016-11-17,1.61
2016-11-18,1.78
2016-11-19,1.72
2016-11-20,0.5599999999999999
2016-11-21,0.5
2016-11-22,0.5
2016-11-23,0.72
2016-11-24,0.89
2016-11-25,1.22
2016-11-26,1.0
2016-11-27,1.0
2016-11-28,1.1099999999999999
2016-11-29,1.56
2016-11-30,1.44
2016-12-01,1.22
2016-12-02,1.06
2016-12-03,0.8300000000000001
2016-12-04,0.8300000000000001
2016-12-05,0.9400000000000001
2016-12-06,0.78
2016-12-07,0.78
2016-12-08,0.72
2016-12-09,0.39
2016-12-10,0.16999999999999998
2016-12-11,0.16999999999999998
2016-12-12,0.78
2016-12-13,0.61
2016-12-14,0.5599999999999999
2016-12-15,0.11000000000000001
2016-12-16,-0.27
2016-12-17,0.39
2016-12-18,1.44
2016-12-19,-0.05
2016-12-20,0.06
2016-12-21,0.44000000000000006
2016-12-22,0.9400000000000001
2016-12-23,0.8300000000000001
2016-12-24,0.8300000000000001
2016-12-25,1.0
2016-12-26,1.0
2016-12-27,1.56
2016-12-28,0.44000000000000006
2016-12-29,0.78
2016-12-30,0.44000000000000006
2016-12-31,0.67
2017-01-01,0.89
2017-01-02,0.5
2017-01-03,0.61
2017-01-04,1.1099999999999999
2017-01-05,0.11000000000000001
2017-01-06,0.06
2017-01-07,-0.32
2017-01-08,-0.38
2017-01-09,-0.49000000000000005
2017-01-10,0.78
2017-01-11,1.1099999999999999
2017-01-12,1.89
2017-01-13,1.67
2017-01-14,0.11000000000000001
2017-01-15,0.32999999999999996
2017-01-16,0.61
2017-01-17,0.5599999999999999
2017-01-18,0.5
2017-01-19,0.9400000000000001
2017-01-20,0.72
2017-01-21,0.9400000000000001
2017-01-22,0.89
2017-01-23,0.67
2017-01-24,0.32999999999999996
2017-01-25,1.06
2017-01-26,1.33
2017-01-27,0.61
2017-01-28,0.39
2017-01-29,0.61
2017-01-30,0.27999999999999997
2017-01-31,0.11000000000000001
2017-02-01,0.8300000000000001
2017-02-02,0.72
2017-02-03,0.06
2017-02-04,0.11000000000000001
2017-02-05,0.61
2017-02-06,0.9400000000000001
2017-02-07,0.5599999999999999
2017-02-08,1.67
2017-02-09,0.67
2017-02-10,0.0
2017-02-11,0.89
2017-02-12,0.44000000000000006
2017-02-13,0.39
2017-02-14,0.5
2017-02-15,0.8300000000000001
2017-02-16,0.16999999999999998
2017-02-17,0.5
2017-02-18,1.72
2017-02-19,1.83
2017-02-20,1.28
2017-02-21,0.8300000000000001
2017-02-22,1.3900000000000001
2017-02-23,1.83
2017-02-24,2.1100000000000003
2017-02-25,1.72
2017-02-26,0.67
2017-02-27,1.22
2017-02-28,1.5
2017-03-01,2.1100000000000003
2017-03-02,1.78
2017-03-03,0.39
2017-03-04,-0.1
2017-03-05,0.27999999999999997
2017-03-06,0.72
2017-03-07,1.33
2017-03-08,1.5
2017-03-09,1.61
2017-03-10,0.8300000000000001
2017-03-11,-0.16
2017-03-12,-0.16
2017-03-13,0.22000000000000003
2017-03-14,0.0
2017-03-15,-0.32
2017-03-16,0.39
2017-03-17,0.8300000000000001
2017-03-18,0.39
2017-03-19,0.8300000000000001
2017-03-20,1.1099999999999999
2017-03-21,1.5
2017-03-22,1.0
2017-03-23,0.5599999999999999
2017-03-24,1.3900000000000001
2017-03-25,1.67
2017-03-26,0.5599999999999999
2017-03-27,1.17
2017-03-28,0.78
2017-03-29,1.56
2017-03-30,1.1099999999999999
2017-03-31,0.61
2017-04-01,0.89
2017-04-02,1.72
2017-04-03,1.72
2017-04-04,1.06
2017-04-05,1.83
2017-04-06,1.17
2017-04-07,1.06
2017-04-08,1.3900000000000001
2017-04-09,1.94
2017-04-10,2.33
2017-04-11,2.67
2017-04-12,2.44
2017-04-13,1.83
2017-04-14,1.89
2017-04-15,1.83
2017-04-16,3.06
2017-04-17,2.33
2017-04-18,1.83
2017-04-19,1.22
2017-04-20,1.89
2017-04-21,1.17
2017-04-22,1.3900000000000001
2017-04-23,1.89
2017-04-24,1.56
2017-04-25,1.22
2017-04-26,1.56
2017-04-27,2.1100000000000003
2017-04-28,2.94
2017-04-29,2.94
2017-04-30,1.94
2017-05-01,2.33
2017-05-02,2.3899999999999997
2017-05-03,1.83
2017-05-04,1.78
2017-05-05,1.5
2017-05-06,1.94
2017-05-07,1.33
2017-05-08,1.3900000000000001
2017-05-09,1.72
2017-05-10,1.72
2017-05-11,1.67
2017-05-12,1.83
2017-05-13,1.17
2017-05-14,1.94
2017-05-15,2.0
2017-05-16,2.6100000000000003
2017-05-17,3.22
2017-05-18,3.3299999999999996
2017-05-19,3.28
2017-05-20,1.83
2017-05-21,2.06
2017-05-22,1.61
2017-05-23,2.06
2017-05-24,2.06
2017-05-25,1.5
2017-05-26,2.2800000000000002
2017-05-27,2.17
2017-05-28,2.17
2017-05-29,1.61
2017-05-30,1.56
2017-05-31,2.3899999999999997
2017-06-01,2.6100000000000003
2017-06-02,2.44
2017-06-03,2.2800000000000002
2017-06-04,2.1100000000000003
2017-06-05,1.94
2017-06-06,1.44
2017-06-07,1.94
2017-06-08,2.06
2017-06-09,2.67
2017-06-10,2.94
2017-06-11,3.22
2017-06-12,3.3899999999999997
2017-06-13,3.44
2017-06-14,2.8899999999999997
2017-06-15,2.44
2017-06-16,2.0
2017-06-17,2.33
2017-06-18,2.94
2017-06-19,3.1100000000000003
2017-06-20,2.83
2017-06-21,2.83
2017-06-22,2.83
2017-06-23,2.83
2017-06-24,2.8899999999999997
2017-06-25,2.83
2017-06-26,2.6100000000000003
2017-06-27,2.5
2017-06-28,2.56
2017-06-29,2.7800000000000002
2017-06-30,3.1100000000000003
2017-07-01,2.94
2017-07-02,3.06
2017-07-03,3.1100000000000003
2017-07-04,2.94
2017-07-05,2.94
2017-07-06,2.5
2017-07-07,2.67
2017-07-08,2.8899999999999997
2017-07-09,2.7199999999999998
2017-07-10,2.8899999999999997
2017-07-11,2.94
2017-07-12,3.1100000000000003
2017-07-13,3.22
2017-07-14,2.2800000000000002
2017-07-15,2.8899999999999997
2017-07-16,3.06
2017-07-17,2.94
2017-07-18,3.1100000000000003
2017-07-19,3.3299999999999996
2017-07-20,3.44
2017-07-21,3.3299999999999996
2017-07-22,3.3299999999999996
2017-07-23,2.6100000000000003
2017-07-24,2.2800000000000002
2017-07-25,2.17
2017-07-26,2.5
2017-07-27,2.56
2017-07-28,2.94
2017-07-29,2.5
2017-07-30,2.7800000000000002
2017-07-31,3.1100000000000003
2017-08-01,3.3299999999999996
2017-08-02,3.0
2017-08-03,3.06
2017-08-04,2.8899999999999997
2017-08-05,2.56
2017-08-06,2.44
2017-08-07,2.17
2017-08-08,2.56
2017-08-09,2.94
2017-08-10,2.83
2017-08-11,2.7800000000000002
2017-08-12,2.5
2017-08-13,2.83
2017-08-14,2.67
2017-08-15,2.33
2017-08-16,3.06
2017-08-17,2.83
2017-08-18,2.7800000000000002
2017-08-19,3.0
2017-08-20,2.7199999999999998
2017-08-21,3.06
2017-08-22,3.17
2017-08-23,2.7199999999999998
2017-08-24,2.67
2017-08-25,2.56
2017-08-26,2.56
2017-08-27,2.56
2017-08-28,2.44
2017-08-29,2.0
2017-08-30,2.56
2017-08-31,2.7199999999999998
2017-09-01,2.17
2017-09-02,2.0
2017-09-03,2.06
2017-09-04,2.67
2017-09-05,2.94
2017-09-06,2.2199999999999998
2017-09-07,2.17
2017-09-08,2.17
2017-09-09,2.1100000000000003
2017-09-10,2.2199999999999998
2017-09-11,2.44
2017-09-12,2.56
2017-09-13,2.83
2017-09-14,2.7199999999999998
2017-09-15,2.7199999999999998
2017-09-16,2.7800000000000002
2017-09-17,2.7199999999999998
2017-09-18,2.2800000000000002
2017-09-19,2.56
2017-09-20,2.6100000000000003
2017-09-21,2.67
2017-09-22,2.7800000000000002
2017-09-23,3.06
2017-09-24,3.28
2017-09-25,3.1100000000000003
2017-09-26,2.8899999999999997
2017-09-27,3.06
2017-09-28,2.6100000000000003
2017-09-29,2.0
2017-09-30,1.89
2017-10-01,2.0
2017-10-02,2.2800000000000002
2017-10-03,2.17
2017-10-04,2.3899999999999997
2017-10-05,2.83
2017-10-06,2.7800000000000002
2017-10-07,2.7199999999999998
2017-10-08,2.5
2017-10-09,2.5
2017-10-10,2.7199999999999998
2017-10-11,2.5
2017-10-12,1.78
2017-10-13,1.94
2017-10-14,2.2199999999999998
2017-10-15,2.33
2017-10-16,2.06
2017-10-17,1.44
2017-10-18,2.2199999999999998
2017-10-19,2.17
2017-10-20,2.2800000000000002
2017-10-21,2.56
2017-10-22,2.44
2017-10-23,2.33
2017-10-24,2.33
2017-10-25,1.94
2017-10-26,1.44
2017-10-27,1.67
2017-10-28,2.06
2017-10-29,1.94
2017-10-30,1.61
2017-10-31,1.3900000000000001
2017-11-01,1.5
2017-11-02,2.2199999999999998
2017-11-03,2.33
2017-11-04,1.33
2017-11-05,1.61
2017-11-06,1.89
2017-11-07,0.9400000000000001
2017-11-08,0.9400000000000001
2017-11-09,1.28
2017-11-10,1.06
2017-11-11,0.32999999999999996
2017-11-12,0.78
2017-11-13,0.8300000000000001
2017-11-14,0.89
2017-11-15,1.06
2017-11-16,1.3900000000000001
2017-11-17,0.8300000000000001
2017-11-18,1.33
2017-11-19,1.5
2017-11-20,0.8300000000000001
2017-11-21,1.44
2017-11-22,1.33
2017-11-23,0.61
2017-11-24,1.0
2017-11-25,1.3900000000000001
2017-11-26,1.06
2017-11-27,1.06
2017-11-28,1.22
2017-11-29,1.72
2017-11-30,1.17
2017-12-01,1.1099999999999999
2017-12-02,0.89
2017-12-03,0.89
2017-12-04,1.06
2017-12-05,1.61
2017-12-06,1.5
2017-12-07,0.67
2017-12-08,0.39
2017-12-09,0.16999999999999998
2017-12-10,0.39
2017-12-11,0.5
2017-12-12,1.0
2017-12-13,-0.05
2017-12-14,0.0
2017-12-15,-0.21000000000000002
2017-12-16,0.39
2017-12-17,0.32999999999999996
2017-12-18,0.8300000000000001
2017-12-19,1.28
2017-12-20,1.06
2017-12-21,0.39
2017-12-22,1.0
2017-12-23,0.89
2017-12-24,0.5
2017-12-25,0.32999999999999996
2017-12-26,-0.21000000000000002
2017-12-27,-0.43
2017-12-28,-0.77
2017-12-29,-0.55
2017-12-30,-0.49000000000000005
2017-12-31,-0.6
2018-01-01,-0.71
2018-01-02,-0.32
2018-01-03,-0.1
2018-01-04,-0.16
2018-01-05,-0.71
2018-01-06,-1.05
2018-01-07,-0.77
2018-01-08,-0.05
2018-01-09,0.67
2018-01-10,0.61
2018-01-11,1.17
2018-01-12,1.61
2018-01-13,1.44
2018-01-14,-0.38
2018-01-15,-0.1
2018-01-16,0.22000000000000003
2018-01-17,0.22000000000000003
2018-01-18,0.0
2018-01-19,0.5
2018-01-20,1.1099999999999999
2018-01-21,1.0
2018-01-22,0.9400000000000001
2018-01-23,1.56
2018-01-24,0.67
2018-01-25,0.11000000000000001
2018-01-26,0.32999999999999996
2018-01-27,1.33
2018-01-28,1.28
2018-01-29,0.8300000000000001
2018-01-30,0.22000000000000003
2018-01-31,0.06
2018-02-01,0.72
2018-02-02,0.5
2018-02-03,-0.05
2018-02-04,0.78
2018-02-05,0.44000000000000006
2018-02-06,0.27999999999999997
2018-02-07,0.72
2018-02-08,0.06
2018-02-09,0.39
2018-02-10,1.0
2018-02-11,1.67
2018-02-12,1.67
2018-02-13,0.32999999999999996
2018-02-14,1.17
2018-02-15,1.67
2018-02-16,1.44
2018-02-17,0.44000000000000006
2018-02-18,0.67
2018-02-19,0.9400000000000001
2018-02-20,1.94
2018-02-21,2.56
2018-02-22,1.5
2018-02-23,0.5599999999999999
2018-02-24,1.28
2018-02-25,0.67
2018-02-26,1.1099999999999999
2018-02-27,1.33
2018-02-28,1.61
2018-03-01,1.56
2018-03-02,0.67
2018-03-03,0.9400000000000001
2018-03-04,0.67
2018-03-05,0.61
2018-03-06,0.8300000000000001
2018-03-07,0.39
2018-03-08,0.39
2018-03-09,0.5599999999999999
2018-03-10,0.44000000000000006
2018-03-11,0.72
2018-03-12,0.61
2018-03-13,0.44000000000000006
2018-03-14,0.5
2018-03-15,0.89
2018-03-16,0.44000000000000006
2018-03-17,0.89
2018-03-18,0.61
2018-03-19,0.8300000000000001
2018-03-20,0.39
2018-03-21,0.39
2018-03-22,1.0
2018-03-23,0.9400000000000001
2018-03-24,1.06
2018-03-25,0.72
2018-03-26,1.0
2018-03-27,0.8300000000000001
2018-03-28,1.1099999999999999
2018-03-29,1.17
2018-03-30,1.67
2018-03-31,1.44
2018-04-01,1.56
2018-04-02,0.61
2018-04-03,0.61
2018-04-04,1.33
2018-04-05,0.72
2018-04-06,1.67
2018-04-07,0.9400000000000001
2018-04-08,0.78
2018-04-09,0.9400000000000001
2018-04-10,1.06
2018-04-11,1.06
2018-04-12,1.72
2018-04-13,2.7800000000000002
2018-04-14,2.5
2018-04-15,0.67
2018-04-16,1.56
2018-04-17,0.8300000000000001
2018-04-18,1.28
2018-04-19,0.9400000000000001
2018-04-20,1.0
2018-04-21,1.72
2018-04-22,1.94
2018-04-23,2.0
2018-04-24,1.89
2018-04-25,1.56
2018-04-26,2.1100000000000003
2018-04-27,1.5
2018-04-28,2.0
2018-04-29,1.5
2018-04-30,1.06
2018-05-01,2.67
2018-05-02,3.22
2018-05-03,3.3299999999999996
2018-05-04,2.8899999999999997
2018-05-05,2.44
2018-05-06,1.89
2018-05-07,2.5
2018-05-08,2.33
2018-05-09,2.5
2018-05-10,1.89
2018-05-11,2.2800000000000002
2018-05-12,1.72
2018-05-13,1.22
2018-05-14,2.17
2018-05-15,3.1100000000000003
2018-05-16,1.78
2018-05-17,2.17
2018-05-18,1.94
2018-05-19,1.33
2018-05-20,2.7199999999999998
2018-05-21,2.6100000000000003
2018-05-22,2.0
2018-05-23,2.7199999999999998
2018-05-24,2.83
2018-05-25,3.0
2018-05-26,3.17
2018-05-27,2.67
2018-05-28,2.06
2018-05-29,3.17
2018-05-30,2.56
2018-05-31,2.0
2018-06-01,2.7199999999999998
2018-06-02,3.06
2018-06-03,1.89
2018-06-04,2.17
2018-06-05,2.3899999999999997
2018-06-06,2.17
2018-06-07,2.17
2018-06-08,2.7800000000000002
2018-06-09,2.83
2018-06-10,2.2800000000000002
2018-06-11,2.2800000000000002
2018-06-12,2.3899999999999997
2018-06-13,2.56
2018-06-14,2.8899999999999997
2018-06-15,2.44
2018-06-16,2.94
2018-06-17,3.28
2018-06-18,3.28
2018-06-19,3.1100000000000003
2018-06-20,2.83
2018-06-21,2.83
2018-06-22,2.3899999999999997
2018-06-23,1.89
2018-06-24,2.8899999999999997
2018-06-25,2.7199999999999998
2018-06-26,2.56
2018-06-27,2.2800000000000002
2018-06-28,2.83
2018-06-29,3.17
2018-06-30,3.3899999999999997
2018-07-01,3.56
2018-07-02,3.5
2018-07-03,3.3299999999999996
2018-07-04,3.0
2018-07-05,3.22
2018-07-06,2.67
2018-07-07,2.56
2018-07-08,2.8899999999999997
2018-07-09,3.06
2018-07-10,3.3899999999999997
2018-07-11,3.1100000000000003
2018-07-12,2.8899999999999997
2018-07-13,2.8899999999999997
2018-07-14,3.1100000000000003
2018-07-15,2.83
2018-07-16,3.22
2018-07-17,3.1100000000000003
2018-07-18,2.94
2018-07-19,2.83
2018-07-20,2.7800000000000002
2018-07-21,2.6100000000000003
2018-07-22,2.6100000000000003
2018-07-23,2.67
2018-07-24,2.7800000000000002
2018-07-25,2.5
2018-07-26,2.94
2018-07-27,3.0
2018-07-28,2.94
2018-07-29,2.7800000000000002
2018-07-30,2.56
2018-07-31,2.7800000000000002
2018-08-01,2.8899999999999997
2018-08-02,3.0
2018-08-03,2.94
2018-08-04,2.8899999999999997
2018-08-05,3.28
2018-08-06,3.3299999999999996
2018-08-07,3.22
2018-08-08,3.22
2018-08-09,3.0
2018-08-10,3.0
2018-08-11,2.67
2018-08-12,2.8899999999999997
2018-08-13,2.3899999999999997
2018-08-14,2.7800000000000002
2018-08-15,3.0
2018-08-16,3.1100000000000003
2018-08-17,3.06
2018-08-18,2.94
2018-08-19,2.2199999999999998
2018-08-20,2.33
2018-08-21,2.6100000000000003
2018-08-22,2.7800000000000002
2018-08-23,2.5
2018-08-24,2.7800000000000002
2018-08-25,2.67
2018-08-26,2.83
2018-08-27,3.1100000000000003
2018-08-28,3.44
2018-08-29,3.3299999999999996
2018-08-30,3.22
2018-08-31,2.56
2018-09-01,2.56
2018-09-02,2.7199999999999998
2018-09-03,3.22
2018-09-04,3.3299999999999996
2018-09-05,3.17
2018-09-06,3.3899999999999997
2018-09-07,2.3899999999999997
2018-09-08,2.17
2018-09-09,1.67
2018-09-10,1.78
2018-09-11,2.33
2018-09-12,2.5
2018-09-13,2.44
2018-09-14,2.3899999999999997
2018-09-15,2.67
2018-09-16,2.8899999999999997
2018-09-17,2.6100000000000003
2018-09-18,2.6100000000000003
2018-09-19,2.7199999999999998
2018-09-20,2.2199999999999998
2018-09-21,2.2199999999999998
2018-09-22,2.33
2018-09-23,1.89
2018-09-24,2.06
2018-09-25,2.2800000000000002
2018-09-26,2.7800000000000002
2018-09-27,2.2199999999999998
2018-09-28,1.83
2018-09-29,2.2199999999999998
2018-09-30,2.1100000000000003
2018-10-01,2.44
2018-10-02,2.5
2018-10-03,2.33
2018-10-04,2.44
2018-10-05,2.17
2018-10-06,2.0
2018-10-07,2.6100000000000003
2018-10-08,2.33
2018-10-09,2.5
2018-10-10,2.67
2018-10-11,2.5
2018-10-12,2.0
2018-10-13,1.28
2018-10-14,1.44
2018-10-15,2.0
2018-10-16,1.56
2018-10-17,1.61
2018-10-18,1.0
2018-10-19,1.56
2018-10-20,1.67
2018-10-21,1.06
2018-10-22,1.0
2018-10-23,1.72
2018-10-24,1.22
2018-10-25,1.06
2018-10-26,1.0
2018-10-27,1.06
2018-10-28,1.1099999999999999
2018-10-29,1.33
2018-10-30,1.28
2018-10-31,1.78
2018-11-01,2.1100000000000003
2018-11-02,2.2199999999999998
2018-11-03,1.83
2018-11-04,1.28
2018-11-05,1.17
2018-11-06,1.5
2018-11-07,1.67
2018-11-08,1.33
2018-11-09,1.1099999999999999
2018-11-10,1.0
2018-11-11,0.78
2018-11-12,0.9400000000000001
2018-11-13,1.0
2018-11-14,0.61
2018-11-15,0.44000000000000006
2018-11-16,0.72
2018-11-17,0.8300000000000001
2018-11-18,0.67
2018-11-19,1.0
2018-11-20,0.8300000000000001
2018-11-21,0.67
2018-11-22,-0.21000000000000002
2018-11-23,0.0
2018-11-24,0.9400000000000001
2018-11-25,1.28
2018-11-26,1.17
2018-11-27,0.72
2018-11-28,0.5599999999999999
2018-11-29,0.78
2018-11-30,0.61
2018-12-01,0.78
2018-12-02,1.33
2018-12-03,1.28
2018-12-04,0.78
2018-12-05,0.27999999999999997
2018-12-06,0.44000000000000006
2018-12-07,0.39
2018-12-08,0.22000000000000003
2018-12-09,0.22000000000000003
2018-12-10,0.39
2018-12-11,0.5
2018-12-12,0.5
2018-12-13,0.44000000000000006
2018-12-14,1.06
2018-12-15,1.1099999999999999
2018-12-16,0.78
2018-12-17,0.78
2018-12-18,0.44000000000000006
2018-12-19,0.5599999999999999
2018-12-20,0.8300000000000001
2018-12-21,1.61
2018-12-22,1.22
2018-12-23,0.61
2018-12-24,0.61
2018-12-25,0.44000000000000006
2018-12-26,0.61
2018-12-27,0.67
2018-12-28,1.56
2018-12-29,1.3900000000000001
2018-12-30,0.44000000000000006
2018-12-31,0.89
2019-01-01,1.44
2019-01-02,0.44000000000000006
2019-01-03,0.67
2019-01-04,0.8300000000000001
2019-01-05,0.8300000000000001
2019-01-06,0.9400000000000001
2019-01-07,0.11000000000000001
2019-01-08,0.72
2019-01-09,0.72
2019-01-10,0.11000000000000001
2019-01-11,-0.1
2019-01-12,0.11000000000000001
2019-01-13,0.06
2019-01-14,0.0
2019-01-15,0.22000000000000003
2019-01-16,0.39
2019-01-17,0.06
2019-01-18,0.39
2019-01-19,0.27999999999999997
2019-01-20,0.5599999999999999
2019-01-21,-0.99
2019-01-22,-0.05
2019-01-23,1.1099999999999999
2019-01-24,1.5
2019-01-25,0.44000000000000006
2019-01-26,0.16999999999999998
2019-01-27,0.9400000000000001
2019-01-28,0.32999999999999996
2019-01-29,0.61
2019-01-30,0.16999999999999998
2019-01-31,-0.8800000000000001
2019-02-01,-0.6
2019-02-02,0.11000000000000001
2019-02-03,1.17
2019-02-04,1.61
2019-02-05,1.83
2019-02-06,0.78
2019-02-07,0.67
2019-02-08,1.28
2019-02-09,0.0
2019-02-10,0.16999999999999998
2019-02-11,0.32999999999999996
2019-02-12,0.22000000000000003
2019-02-13,0.5
2019-02-14,0.78
2019-02-15,1.5
2019-02-16,0.8300000000000001
2019-02-17,0.32999999999999996
2019-02-18,0.5599999999999999
2019-02-19,0.22000000000000003
2019-02-20,0.06
2019-02-21,1.1099999999999999
2019-02-22,0.67
2019-02-23,0.5599999999999999
2019-02-24,0.8300000000000001
2019-02-25,0.61
2019-02-26,0.22000000000000003
2019-02-27,-0.05
2019-02-28,0.27999999999999997
2019-03-01,0.16999999999999998
2019-03-02,0.5
2019-03-03,0.5599999999999999
2019-03-04,0.32999999999999996
2019-03-05,0.0
2019-03-06,-0.32
2019-03-07,0.0
2019-03-08,0.39
2019-03-09,0.9400000000000001
2019-03-10,0.61
2019-03-11,1.17
2019-03-12,0.67
2019-03-13,0.9400000000000001
2019-03-14,1.3900000000000001
2019-03-15,2.3899999999999997
2019-03-16,1.44
2019-03-17,0.72
2019-03-18,0.78
2019-03-19,1.06
2019-03-20,1.17
2019-03-21,0.78
2019-03-22,0.9400000000000001
2019-03-23,0.89
2019-03-24,1.56
2019-03-25,1.33
2019-03-26,0.9400000000000001
2019-03-27,0.8300000000000001
2019-03-28,1.17
2019-03-29,1.5
2019-03-30,2.1100000000000003
2019-03-31,1.83
2019-04-01,0.78
2019-04-02,1.1099999999999999
2019-04-03,1.94
2019-04-04,1.56
2019-04-05,0.72
2019-04-06,2.0
2019-04-07,1.89
2019-04-08,2.6100000000000003
2019-04-09,1.06
2019-04-10,1.56
2019-04-11,1.28
2019-04-12,2.0
2019-04-13,2.5
2019-04-14,2.2800000000000002
2019-04-15,1.83
2019-04-16,1.89
2019-04-17,1.72
2019-04-18,1.67
2019-04-19,2.67
2019-04-20,1.78
2019-04-21,1.89
2019-04-22,1.78
2019-04-23,2.5
2019-04-24,2.06
2019-04-25,1.89
2019-04-26,1.5
2019-04-27,1.44
2019-04-28,1.17
2019-04-29,1.56
2019-04-30,1.56
2019-05-01,1.33
2019-05-02,2.56
2019-05-03,1.33
2019-05-04,2.17
2019-05-05,1.44
2019-05-06,2.33
2019-05-07,2.1100000000000003
2019-05-08,2.17
2019-05-09,1.61
2019-05-10,2.2800000000000002
2019-05-11,2.06
2019-05-12,1.5
2019-05-13,0.89
2019-05-14,1.1099999999999999
2019-05-15,2.06
2019-05-16,2.2800000000000002
2019-05-17,2.44
2019-05-18,2.3899999999999997
2019-05-19,2.44
2019-05-20,2.94
2019-05-21,2.17
2019-05-22,2.33
2019-05-23,2.2199999999999998
2019-05-24,2.2800000000000002
2019-05-25,2.17
2019-05-26,3.0
2019-05-27,2.67
2019-05-28,2.17
2019-05-29,2.1100000000000003
2019-05-30,2.1100000000000003
2019-05-31,2.67
2019-06-01,2.67
2019-06-02,2.7199999999999998
2019-06-03,2.1100000000000003
2019-06-04,2.1100000000000003
2019-06-05,2.7199999999999998
2019-06-06,2.83
2019-06-07,2.7199999999999998
2019-06-08,2.7199999999999998
2019-06-09,2.56
2019-06-10,2.1100000000000003
2019-06-11,2.5
2019-06-12,2.33
2019-06-13,1.83
2019-06-14,2.2800000000000002
2019-06-15,2.7199999999999998
2019-06-16,2.67
2019-06-17,2.44
2019-06-18,2.2800000000000002
2019-06-19,2.17
2019-06-20,2.56
2019-06-21,2.5
2019-06-22,2.6100000000000003
2019-06-23,2.83
2019-06-24,2.8899999999999997
2019-06-25,2.8899999999999997
2019-06-26,3.06
2019-06-27,3.17
2019-06-28,3.17
2019-06-29,3.28
2019-06-30,2.83
2019-07-01,2.94
2019-07-02,2.94
2019-07-03,3.06
2019-07-04,3.22
2019-07-05,3.0
2019-07-06,3.22
2019-07-07,3.0
2019-07-08,2.56
2019-07-09,3.06
2019-07-10,3.1100000000000003
2019-07-11,3.06
2019-07-12,3.06
2019-07-13,2.94
2019-07-14,3.17
2019-07-15,2.94
2019-07-16,3.28
2019-07-17,3.3899999999999997
2019-07-18,2.6100000000000003
2019-07-19,3.28
2019-07-20,3.5
2019-07-21,3.5
2019-07-22,3.22
2019-07-23,2.33
2019-07-24,2.83
2019-07-25,2.8899999999999997
2019-07-26,3.1100000000000003
2019-07-27,2.94
2019-07-28,3.1100000000000003
2019-07-29,3.22
2019-07-30,3.3299999999999996
2019-07-31,3.06
2019-08-01,3.06
2019-08-02,2.8899999999999997
2019-08-03,3.0
2019-08-04,3.06
2019-08-05,2.7800000000000002
2019-08-06,2.6100000000000003
2019-08-07,2.8899999999999997
2019-08-08,2.8899999999999997
2019-08-09,2.83
2019-08-10,2.7199999999999998
2019-08-11,2.67
2019-08-12,2.94
2019-08-13,2.6100000000000003
2019-08-14,2.8899999999999997
2019-08-15,2.94
2019-08-16,2.6100000000000003
2019-08-17,3.06
2019-08-18,3.22
2019-08-19,3.22
2019-08-20,3.1100000000000003
2019-08-21,3.06
2019-08-22,3.22
2019-08-23,2.33
2019-08-24,2.44
2019-08-25,2.5
2019-08-26,2.33
2019-08-27,2.3899999999999997
2019-08-28,2.33
2019-08-29,2.7199999999999998
2019-08-30,3.0
2019-08-31,2.7199999999999998
2019-09-01,2.56
2019-09-02,2.33
2019-09-03,2.7800000000000002
2019-09-04,3.06
2019-09-05,2.33
2019-09-06,1.94
2019-09-07,2.3899999999999997
2019-09-08,2.5
2019-09-09,2.56
2019-09-10,2.44
2019-09-11,3.1100000000000003
2019-09-12,2.7199999999999998
2019-09-13,2.2199999999999998
2019-09-14,2.33
2019-09-15,2.7800000000000002
2019-09-16,2.5
2019-09-17,2.44
2019-09-18,2.06
2019-09-19,2.1100000000000003
2019-09-20,2.56
2019-09-21,2.8899999999999997
2019-09-22,3.0
2019-09-23,3.17
2019-09-24,2.44
2019-09-25,2.6100000000000003
2019-09-26,2.83
2019-09-27,2.44
2019-09-28,2.7800000000000002
2019-09-29,2.67
2019-09-30,2.17
2019-10-01,2.7199999999999998
2019-10-02,3.3899999999999997
2019-10-03,1.72
2019-10-04,1.89
2019-10-05,1.61
2019-10-06,2.1100000000000003
2019-10-07,2.6100000000000003
2019-10-08,1.78
2019-10-09,1.5
2019-10-10,2.17
2019-10-11,1.78
2019-10-12,1.94
2019-10-13,1.94
2019-10-14,2.2199999999999998
2019-10-15,1.78
2019-10-16,1.89
2019-10-17,1.3900000000000001
2019-10-18,1.44
2019-10-19,1.56
2019-10-20,1.5
2019-10-21,1.94
2019-10-22,1.72
2019-10-23,1.83
2019-10-24,1.94
2019-10-25,1.83
2019-10-26,1.72
2019-10-27,1.94
2019-10-28,1.72
2019-10-29,1.5
2019-10-30,1.72
2019-10-31,2.17
2019-11-01,2.17
2019-11-02,1.17
2019-11-03,1.22
2019-11-04,1.33
2019-11-05,1.61
2019-11-06,1.22
2019-11-07,1.3900000000000001
2019-11-08,0.5
2019-11-09,0.5
2019-11-10,1.06
2019-11-11,1.67
2019-11-12,1.3900000000000001
2019-11-13,0.11000000000000001
2019-11-14,0.72
2019-11-15,1.06
2019-11-16,0.5599999999999999
2019-11-17,0.61
2019-11-18,0.5599999999999999
2019-11-19,0.89
2019-11-20,0.9400000000000001
2019-11-21,1.17
2019-11-22,1.17
2019-11-23,0.72
2019-11-24,0.78
2019-11-25,1.17
2019-11-26,1.61
2019-11-27,1.5
2019-11-28,1.17
2019-11-29,0.44000000000000006
2019-11-30,0.61
2019-12-01,0.39
2019-12-02,0.27999999999999997
2019-12-03,0.22000000000000003
2019-12-04,0.39
2019-12-05,0.5599999999999999
2019-12-06,1.0
2019-12-07,0.32999999999999996
2019-12-08,0.78
2019-12-09,1.28
2019-12-10,1.44
2019-12-11,0.44000000000000006
2019-12-12,0.22000000000000003
2019-12-13,0.89
2019-12-14,1.33
2019-12-15,0.9400000000000001
2019-12-16,0.27999999999999997
2019-12-17,0.16999999999999998
2019-12-18,0.22000000000000003
2019-12-19,-0.38
2019-12-20,0.06
2019-12-21,0.16999999999999998
2019-12-22,0.78
2019-12-23,1.3900000000000001
2019-12-24,0.8300000000000001
2019-12-25,0.8300000000000001
2019-12-26,0.78
2019-12-27,1.22
2019-12-28,1.06
2019-12-29,0.67
2019-12-30,0.5
2019-12-31,0.72
2020-01-01,0.5
2020-01-02,0.9400000000000001
2020-01-03,0.9400000000000001
2020-01-04,1.06
2020-01-05,0.5599999999999999
2020-01-06,0.72
2020-01-07,0.72
2020-01-08,0.5599999999999999
2020-01-09,0.11000000000000001
2020-01-10,1.28
2020-01-11,2.06
2020-01-12,2.0
2020-01-13,0.78
2020-01-14,0.78
2020-01-15,1.0
2020-01-16,0.9400000000000001
2020-01-17,0.06
2020-01-18,0.27999999999999997
2020-01-19,0.61
2020-01-20,-0.05
2020-01-21,0.06
2020-01-22,0.32999999999999996
2020-01-23,0.8300000000000001
2020-01-24,1.06
2020-01-25,1.06
2020-01-26,0.78
2020-01-27,0.72
2020-01-28,0.61
2020-01-29,0.5
2020-01-30,0.32999999999999996
2020-01-31,0.67
2020-02-01,0.61
2020-02-02,0.72
2020-02-03,1.3900000000000001
2020-02-04,1.61
2020-02-05,1.28
2020-02-06,0.5
2020-02-07,1.33
2020-02-08,0.5
2020-02-09,0.67
2020-02-10,0.8300000000000001
2020-02-11,0.89
2020-02-12,0.78
2020-02-13,0.67
2020-02-14,0.44000000000000006
2020-02-15,-0.05
2020-02-16,0.67
2020-02-17,1.06
2020-02-18,0.8300000000000001
2020-02-19,0.89
2020-02-20,0.16999999999999998
2020-02-21,0.16999999999999998
2020-02-22,1.0
2020-02-23,1.33
2020-02-24,1.67
2020-02-25,1.17
2020-02-26,0.89
2020-02-27,0.61
2020-02-28,0.5599999999999999
2020-02-29,0.16999999999999998
2020-03-01,0.67
2020-03-02,1.44
2020-03-03,1.5
2020-03-04,1.33
2020-03-05,1.06
2020-03-06,0.72
2020-03-07,0.89
2020-03-08,1.5
2020-03-09,2.2199999999999998
2020-03-10,1.83
2020-03-11,1.3900000000000001
2020-03-12,1.0
2020-03-13,2.1100000000000003
2020-03-14,1.3900000000000001
2020-03-15,1.22
2020-03-16,0.72
2020-03-17,1.22
2020-03-18,1.22
2020-03-19,1.1099999999999999
2020-03-20,2.5
2020-03-21,1.83
2020-03-22,0.72
2020-03-23,0.5
2020-03-24,1.28
2020-03-25,0.72
2020-03-26,1.56
2020-03-27,2.06
2020-03-28,1.22
2020-03-29,0.8300000000000001
2020-03-30,1.1099999999999999
2020-03-31,0.9400000000000001
2020-04-01,1.33
2020-04-02,1.44
2020-04-03,1.1099999999999999
2020-04-04,1.67
2020-04-05,1.83
2020-04-06,1.89
2020-04-07,2.0
2020-04-08,1.78
2020-04-09,1.5
2020-04-10,0.9400000000000001
2020-04-11,1.33
2020-04-12,1.72
2020-04-13,1.94
2020-04-14,1.56
2020-04-15,1.22
2020-04-16,1.0
2020-04-17,1.06
2020-04-18,0.78
2020-04-19,1.72
2020-04-20,1.3900000000000001
2020-04-21,1.61
2020-04-22,1.06
2020-04-23,1.1099999999999999
2020-04-24,0.9400000000000001
2020-04-25,1.83
2020-04-26,1.06
2020-04-27,1.0
2020-04-28,1.94
2020-04-29,1.5
2020-04-30,1.56
2020-05-01,1.89
2020-05-02,2.2800000000000002
2020-05-03,2.67
2020-05-04,2.3899999999999997
2020-05-05,1.72
2020-05-06,1.1099999999999999
2020-05-07,1.94
2020-05-08,1.3900000000000001
2020-05-09,0.89
2020-05-10,1.78
2020-05-11,1.61
2020-05-12,1.5
2020-05-13,1.78
2020-05-14,1.94
2020-05-15,2.8899999999999997
2020-05-16,2.5
2020-05-17,2.06
2020-05-18,2.1100000000000003
2020-05-19,2.0
2020-05-20,1.89
2020-05-21,2.0
2020-05-22,2.5
2020-05-23,1.94
2020-05-24,1.94
2020-05-25,2.17
2020-05-26,2.56
2020-05-27,2.6100000000000003
2020-05-28,2.44
2020-05-29,2.7199999999999998
2020-05-30,2.7199999999999998
2020-05-31,2.1100000000000003
2020-06-01,2.1100000000000003
2020-06-02,2.2199999999999998
2020-06-03,2.6100000000000003
2020-06-04,2.8899999999999997
2020-06-05,2.6100000000000003
2020-06-06,3.0
2020-06-07,2.44
2020-06-08,2.6100000000000003
2020-06-09,3.06
2020-06-10,2.94
2020-06-11,2.8899999999999997
2020-06-12,2.94
2020-06-13,2.3899999999999997
2020-06-14,2.33
2020-06-15,2.3899999999999997
2020-06-16,2.56
2020-06-17,2.56
2020-06-18,2.5
2020-06-19,2.83
2020-06-20,3.0
2020-06-21,3.1100000000000003
2020-06-22,3.22
2020-06-23,3.06
2020-06-24,3.0
2020-06-25,3.06
2020-06-26,3.06
2020-06-27,2.67
2020-06-28,3.22
2020-06-29,3.06
2020-06-30,2.67
2020-07-01,2.67
2020-07-02,3.3299999999999996
2020-07-03,3.22
2020-07-04,3.06
2020-07-05,3.3299999999999996
2020-07-06,3.56
2020-07-07,2.7800000000000002
2020-07-08,2.83
2020-07-09,3.17
2020-07-10,2.5
2020-07-11,2.83
2020-07-12,3.06
2020-07-13,3.0
2020-07-14,2.94
2020-07-15,2.7800000000000002
2020-07-16,2.56
2020-07-17,2.8899999999999997
2020-07-18,3.28
2020-07-19,3.44
2020-07-20,3.3899999999999997
2020-07-21,3.28
2020-07-22,3.3299999999999996
2020-07-23,3.0
2020-07-24,2.67
2020-07-25,3.1100000000000003
2020-07-26,3.3299999999999996
2020-07-27,3.3899999999999997
2020-07-28,3.3899999999999997
2020-07-29,3.22
2020-07-30,3.3299999999999996
2020-07-31,2.7800000000000002
2020-08-01,3.1100000000000003
2020-08-02,3.17
2020-08-03,3.1100000000000003
2020-08-04,2.6100000000000003
2020-08-05,3.0
2020-08-06,2.7800000000000002
2020-08-07,2.7199999999999998
2020-08-08,2.83
2020-08-09,3.06
2020-08-10,3.3299999999999996
2020-08-11,3.1100000000000003
2020-08-12,3.22
2020-08-13,2.6100000000000003
2020-08-14,3.0
2020-08-15,2.8899999999999997
2020-08-16,2.2199999999999998
2020-08-17,2.7199999999999998
2020-08-18,2.7800000000000002
2020-08-19,2.3899999999999997
2020-08-20,2.67
2020-08-21,2.83
2020-08-22,3.1100000000000003
2020-08-23,3.0
2020-08-24,3.22
2020-08-25,3.17
2020-08-26,2.5
2020-08-27,3.22
2020-08-28,2.94
2020-08-29,2.7199999999999998
2020-08-30,2.6100000000000003
2020-08-31,2.5
2020-09-01,2.5
2020-09-02,2.6100000000000003
2020-09-03,2.94
2020-09-04,2.94
2020-09-05,2.67
2020-09-06,2.7800000000000002
2020-09-07,2.6100000000000003
2020-09-08,2.8899999999999997
2020-09-09,2.7199999999999998
2020-09-10,2.7800000000000002
2020-09-11,2.44
2020-09-12,2.33
2020-09-13,2.33
2020-09-14,2.3899999999999997
2020-09-15,1.89
2020-09-16,2.17
2020-09-17,2.3899999999999997
2020-09-18,2.1100000000000003
2020-09-19,1.72
2020-09-20,1.83
2020-09-21,1.83
2020-09-22,2.17
2020-09-23,2.6100000000000003
2020-09-24,2.3899999999999997
2020-09-25,2.5
2020-09-26,2.33
2020-09-27,2.6100000000000003
2020-09-28,2.5
2020-09-29,2.33
2020-09-30,2.17
2020-10-01,2.2199999999999998
2020-10-02,1.83
2020-10-03,1.89
2020-10-04,1.94
2020-10-05,2.1100000000000003
2020-10-06,2.06
2020-10-07,2.33
2020-10-08,1.78
2020-10-09,2.06
2020-10-10,2.17
2020-10-11,1.94
2020-10-12,1.3900000000000001
2020-10-13,1.44
2020-10-14,1.94
2020-10-15,2.17
2020-10-16,1.89
2020-10-17,1.5
2020-10-18,1.67
2020-10-19,1.83
2020-10-20,2.17
2020-10-21,2.0
2020-10-22,2.0
2020-10-23,2.06
2020-10-24,2.06
2020-10-25,1.17
2020-10-26,1.5
2020-10-27,1.5
2020-10-28,1.3900000000000001
2020-10-29,1.33
2020-10-30,0.8300000000000001
2020-10-31,0.78
2020-11-01,1.28
2020-11-02,0.67
2020-11-03,1.17
2020-11-04,1.67
2020-11-05,1.94
2020-11-06,2.1100000000000003
2020-11-07,2.33
2020-11-08,2.3899999999999997
2020-11-09,2.3899999999999997
2020-11-10,2.33
2020-11-11,2.2199999999999998
2020-11-12,2.0
2020-11-13,1.0
2020-11-14,1.1099999999999999
2020-11-15,1.78
2020-11-16,1.28
2020-11-17,1.0
2020-11-18,0.22000000000000003
2020-11-19,0.89
2020-11-20,1.72
2020-11-21,1.78
2020-11-22,1.5
2020-11-23,1.56
2020-11-24,0.89
2020-11-25,1.33
2020-11-26,1.83
2020-11-27,1.72
2020-11-28,1.33
2020-11-29,1.22
2020-11-30,1.72
2020-12-01,1.67
2020-12-02,0.61
2020-12-03,1.0
2020-12-04,1.1099999999999999
2020-12-05,0.8300000000000001
2020-12-06,0.44000000000000006
2020-12-07,0.44000000000000006
2020-12-08,0.22000000000000003
2020-12-09,0.32999999999999996
2020-12-10,0.9400000000000001
2020-12-11,1.3900000000000001
2020-12-12,1.44
2020-12-13,1.67
2020-12-14,0.8300000000000001
2020-12-15,0.39
2020-12-16,-0.05
2020-12-17,0.06
2020-12-18,0.0
2020-12-19,0.0
2020-12-20,0.44000000000000006
2020-12-21,0.78
2020-12-22,0.78
2020-12-23,0.72
2020-12-24,1.5
2020-12-25,1.61
2020-12-26,0.0
2020-12-27,0.27999999999999997
2020-12-28,1.0
2020-12-29,0.61
2020-12-30,0.61
2020-12-31,0.89
2021-01-01,0.44000000000000006
2021-01-02,1.06
2021-01-03,0.32999999999999996
2021-01-04,0.61
2021-01-05,0.5599999999999999
2021-01-06,0.5
2021-01-07,0.5
2021-01-08,0.27999999999999997
2021-01-09,0.27999999999999997
2021-01-10,0.5
2021-01-11,0.27999999999999997
2021-01-12,0.67
2021-01-13,0.61
2021-01-14,0.9400000000000001
2021-01-15,0.78
2021-01-16,0.8300000000000001
2021-01-17,0.67
2021-01-18,0.72
2021-01-19,0.61
2021-01-20,0.44000000000000006
2021-01-21,0.61
2021-01-22,0.72
2021-01-23,0.22000000000000003
2021-01-24,0.0
2021-01-25,0.27999999999999997
2021-01-26,0.11000000000000001
2021-01-27,0.27999999999999997
2021-01-28,0.11000000000000001
2021-01-29,-0.38
2021-01-30,0.0
2021-01-31,-0.32
2021-02-01,0.11000000000000001
2021-02-02,0.06
2021-02-03,0.27999999999999997
2021-02-04,0.61
2021-02-05,0.8300000000000001
2021-02-06,0.67
2021-02-07,0.44000000000000006
2021-02-08,-0.16
2021-02-09,0.06
2021-02-10,0.16999999999999998
2021-02-11,0.06
2021-02-12,-0.1
2021-02-13,-0.1
2021-02-14,0.32999999999999996
2021-02-15,0.22000000000000003
2021-02-16,1.06
2021-02-17,0.11000000000000001
2021-02-18,-0.1
2021-02-19,0.06
2021-02-20,0.16999999999999998
2021-02-21,0.27999999999999997
2021-02-22,0.39
2021-02-23,0.72
2021-02-24,1.22
2021-02-25,1.0
2021-02-26,0.72
2021-02-27,1.0
2021-02-28,0.72
2021-03-01,0.9400000000000001
2021-03-02,0.06
2021-03-03,1.1099999999999999
2021-03-04,0.72
2021-03-05,0.27999999999999997
2021-03-06,0.11000000000000001
2021-03-07,0.5
2021-03-08,0.61
2021-03-09,1.78
2021-03-10,1.22
2021-03-11,2.17
2021-03-12,2.0
2021-03-13,1.1099999999999999
2021-03-14,1.22
2021-03-15,0.39
2021-03-16,0.27999999999999997
2021-03-17,0.8300000000000001
2021-03-18,0.8300000000000001
2021-03-19,0.61
2021-03-20,1.5
2021-03-21,1.72
2021-03-22,1.67
2021-03-23,1.89
2021-03-24,1.33
2021-03-25,2.0
2021-03-26,2.7800000000000002
2021-03-27,2.06
2021-03-28,1.56
2021-03-29,1.28
2021-03-30,1.61
2021-03-31,1.94
2021-04-01,1.44
2021-04-02,0.39
2021-04-03,1.17
2021-04-04,1.83
2021-04-05,2.0
2021-04-06,2.1100000000000003
2021-04-07,2.2199999999999998
2021-04-08,2.1100000000000003
2021-04-09,1.5
2021-04-10,2.1100000000000003
2021-04-11,1.3900000000000001
2021-04-12,1.06
2021-04-13,1.83
2021-04-14,2.2199999999999998
2021-04-15,1.44
2021-04-16,1.17
2021-04-17,1.33
2021-04-18,1.78
2021-04-19,1.83
2021-04-20,2.44
2021-04-21,2.0
2021-04-22,0.89
2021-04-23,1.78
2021-04-24,2.2199999999999998
2021-04-25,1.72
2021-04-26,1.56
2021-04-27,1.78
2021-04-28,2.94
2021-04-29,2.3899999999999997
2021-04-30,2.17
2021-05-01,1.83
2021-05-02,2.7800000000000002
2021-05-03,1.89
2021-05-04,2.2800000000000002
2021-05-05,1.67
2021-05-06,1.89
2021-05-07,1.89
2021-05-08,1.28
2021-05-09,1.83
2021-05-10,1.56
2021-05-11,1.94
2021-05-12,2.0
2021-05-13,2.2199999999999998
2021-05-14,2.44
2021-05-15,2.6100000000000003
2021-05-16,2.3899999999999997
2021-05-17,2.56
2021-05-18,2.7800000000000002
2021-05-19,3.0
2021-05-20,2.44
2021-05-21,2.6100000000000003
2021-05-22,3.17
2021-05-23,3.1100000000000003
2021-05-24,2.0
2021-05-25,2.2800000000000002
2021-05-26,3.0
2021-05-27,2.7199999999999998
2021-05-28,2.06
2021-05-29,1.06
2021-05-30,1.06
2021-05-31,2.1100000000000003
2021-06-01,2.44
2021-06-02,2.3899999999999997
2021-06-03,2.33
2021-06-04,2.56
2021-06-05,3.17
2021-06-06,3.3299999999999996
2021-06-07,3.28
2021-06-08,3.22
2021-06-09,3.22
2021-06-10,2.8899999999999997
2021-06-11,2.06
2021-06-12,2.06
2021-06-13,2.44
2021-06-14,2.2800000000000002
2021-06-15,2.67
2021-06-16,2.5
2021-06-17,2.56
2021-06-18,2.8899999999999997
2021-06-19,3.1100000000000003
2021-06-20,3.0
2021-06-21,3.0
2021-06-22,2.56
2021-06-23,2.44
2021-06-24,2.5
2021-06-25,2.7199999999999998
2021-06-26,2.83
2021-06-27,3.22
2021-06-28,3.3299999999999996
2021-06-29,3.5
2021-06-30,3.6700000000000004
2021-07-01,2.8899999999999997
2021-07-02,2.6100000000000003
2021-07-03,1.89
2021-07-04,2.6100000000000003
2021-07-05,2.83
2021-07-06,3.3299999999999996
2021-07-07,3.28
2021-07-08,2.8899999999999997
2021-07-09,2.94
2021-07-10,2.7199999999999998
2021-07-11,2.56
2021-07-12,3.0
2021-07-13,2.2199999999999998
2021-07-14,3.06
2021-07-15,3.17
2021-07-16,3.28
2021-07-17,3.28
2021-07-18,2.8899999999999997
2021-07-19,2.7199999999999998
2021-07-20,3.0
2021-07-21,2.67
2021-07-22,2.7199999999999998
2021-07-23,2.83
2021-07-24,2.8899999999999997
2021-07-25,2.83
2021-07-26,3.1100000000000003
2021-07-27,3.17
2021-07-28,2.7199999999999998
2021-07-29,2.5
2021-07-30,2.7800000000000002
2021-07-31,2.5
2021-08-01,2.5
2021-08-02,2.67
2021-08-03,2.6100000000000003
2021-08-04,2.44
2021-08-05,2.7199999999999998
2021-08-06,3.1100000000000003
2021-08-07,3.06
2021-08-08,2.5
2021-08-09,2.7199999999999998
2021-08-10,2.8899999999999997
2021-08-11,3.17
2021-08-12,3.3899999999999997
2021-08-13,3.44
2021-08-14,3.1100000000000003
2021-08-15,2.83
2021-08-16,2.83
2021-08-17,2.7199999999999998
2021-08-18,2.83
2021-08-19,2.94
2021-08-20,2.7800000000000002
2021-08-21,2.7800000000000002
2021-08-22,2.44
2021-08-23,2.83
2021-08-24,3.17
2021-08-25,3.28
2021-08-26,3.28
2021-08-27,3.3899999999999997
2021-08-28,2.67
2021-08-29,2.44
2021-08-30,2.94
2021-08-31,2.83
2021-09-01,2.56
2021-09-02,2.5
2021-09-03,2.33
2021-09-04,2.6100000000000003
2021-09-05,2.33
2021-09-06,2.7199999999999998
2021-09-07,2.6100000000000003
2021-09-08,2.7800000000000002
2021-09-09,2.44
2021-09-10,2.33
2021-09-11,2.44
2021-09-12,2.7199999999999998
2021-09-13,2.83
2021-09-14,2.67
2021-09-15,2.94
2021-09-16,2.44
2021-09-17,2.3899999999999997
2021-09-18,2.8899999999999997
2021-09-19,2.44
2021-09-20,2.3899999999999997
2021-09-21,2.44
2021-09-22,2.6100000000000003
2021-09-23,2.6100000000000003
2021-09-24,2.2199999999999998
2021-09-25,2.3899999999999997
2021-09-26,2.17
2021-09-27,2.56
2021-09-28,2.17
2021-09-29,2.0
2021-09-30,1.83
2021-10-01,1.94
2021-10-02,2.33
2021-10-03,2.5
2021-10-04,2.2800000000000002
2021-10-05,1.83
2021-10-06,2.06
2021-10-07,2.2800000000000002
2021-10-08,2.44
2021-10-09,1.94
2021-10-10,1.89
2021-10-11,2.17
2021-10-12,2.06
2021-10-13,2.06
2021-10-14,2.44
2021-10-15,2.6100000000000003
2021-10-16,2.44
2021-10-17,1.61
2021-10-18,1.44
2021-10-19,1.89
2021-10-20,2.3899999999999997
2021-10-21,2.2800000000000002
2021-10-22,2.06
2021-10-23,1.5
2021-10-24,1.5
2021-10-25,2.2800000000000002
2021-10-26,1.72
2021-10-27,1.61
2021-10-28,1.3900000000000001
2021-10-29,1.33
2021-10-30,1.78
2021-10-31,1.72
2021-11-01,1.44
2021-11-02,1.17
2021-11-03,1.06
2021-11-04,1.0
2021-11-05,1.06
2021-11-06,1.1099999999999999
2021-11-07,1.17
2021-11-08,1.72
2021-11-09,2.0
2021-11-10,1.78
2021-11-11,1.61
2021-11-12,1.83
2021-11-13,1.67
2021-11-14,0.89
2021-11-15,0.8300000000000001
2021-11-16,0.9400000000000001
2021-11-17,1.3900000000000001
2021-11-18,2.06
2021-11-19,0.89
2021-11-20,0.8300000000000001
2021-11-21,1.33
2021-11-22,1.28
2021-11-23,0.5599999999999999
2021-11-24,0.72
2021-11-25,1.33
2021-11-26,0.8300000000000001
2021-11-27,0.39
2021-11-28,0.5
2021-11-29,0.72
2021-11-30,0.5
2021-12-01,0.9400000000000001
2021-12-02,1.44
2021-12-03,0.89
2021-12-04,0.89
2021-12-05,0.9400000000000001
2021-12-06,1.61
2021-12-07,0.61
2021-12-08,0.5599999999999999
2021-12-09,0.39
2021-12-10,1.0
2021-12-11,1.89
2021-12-12,1.33
2021-12-13,1.17
2021-12-14,1.17
2021-12-15,1.3900000000000001
2021-12-16,1.67
2021-12-17,1.56
2021-12-18,0.89
2021-12-19,0.72
2021-12-20,0.27999999999999997
2021-12-21,0.61
2021-12-22,0.8300000000000001
2021-12-23,0.22000000000000003
2021-12-24,0.44000000000000006
2021-12-25,1.1099999999999999
2021-12-26,1.06
2021-12-27,0.39
2021-12-28,0.8300000000000001
2021-12-29,0.67
2021-12-30,0.9400000000000001
2021-12-31,1.28
2022-01-01,1.33
2022-01-02,1.5
2022-01-03,0.27999999999999997
2022-01-04,0.11000000000000001
2022-01-05,0.8300000000000001
2022-01-06,0.5
2022-01-07,0.11000000000000001
2022-01-08,-0.1
2022-01-09,0.44000000000000006
2022-01-10,0.44000000000000006
2022-01-11,-0.43
2022-01-12,0.44000000000000006
2022-01-13,0.89
2022-01-14,0.61
2022-01-15,-0.6
2022-01-16,0.27999999999999997
2022-01-17,0.67
2022-01-18,0.22000000000000003
2022-01-19,0.9400000000000001
2022-01-20,0.78
2022-01-21,-0.55
2022-01-22,-0.16
2022-01-23,0.27999999999999997
2022-01-24,0.22000000000000003
2022-01-25,0.5599999999999999
2022-01-26,-0.21000000000000002
2022-01-27,0.0
2022-01-28,0.0
2022-01-29,-0.16
2022-01-30,-0.32
2022-01-31,-0.05
2022-02-01,0.22000000000000003
2022-02-02,0.8300000000000001
2022-02-03,1.1099999999999999
2022-02-04,1.3900000000000001
2022-02-05,-0.27
2022-02-06,-0.1
2022-02-07,0.27999999999999997
2022-02-08,0.72
2022-02-09,0.78
2022-02-10,1.22
2022-02-11,1.3900000000000001
2022-02-12,1.5
2022-02-13,0.5599999999999999
2022-02-14,-0.38
2022-02-15,-0.1
2022-02-16,0.9400000000000001
2022-02-17,2.0
2022-02-18,1.72
2022-02-19,0.44000000000000006
2022-02-20,0.22000000000000003
2022-02-21,1.28
2022-02-22,1.61
2022-02-23,2.0
2022-02-24,0.16999999999999998
2022-02-25,0.5
2022-02-26,0.27999999999999997
2022-02-27,0.89
2022-02-28,0.22000000000000003
2022-03-01,0.89
2022-03-02,1.1099999999999999
2022-03-03,0.89
2022-03-04,0.27999999999999997
2022-03-05,0.78
2022-03-06,2.0
2022-03-07,2.33
2022-03-08,1.0
2022-03-09,0.5
2022-03-10,1.06
2022-03-11,1.28
2022-03-12,0.89
2022-03-13,0.16999999999999998
2022-03-14,1.33
2022-03-15,2.0
2022-03-16,1.94
2022-03-17,1.17
2022-03-18,2.33
2022-03-19,2.1100000000000003
2022-03-20,1.61
2022-03-21,1.67
2022-03-22,1.44
2022-03-23,0.9400000000000001
2022-03-24,0.8300000000000001
2022-03-25,1.56
2022-03-26,1.17
2022-03-27,0.78
2022-03-28,0.06
2022-03-29,0.32999999999999996
2022-03-30,0.8300000000000001
2022-03-31,1.89
2022-04-01,1.61
2022-04-02,1.22
2022-04-03,0.89
2022-04-04,1.22
2022-04-05,1.3900000000000001
2022-04-06,1.17
2022-04-07,1.22
2022-04-08,1.83
2022-04-09,1.28
2022-04-10,1.0
2022-04-11,1.61
2022-04-12,2.2199999999999998
2022-04-13,2.17
2022-04-14,2.6100000000000003
2022-04-15,2.1100000000000003
2022-04-16,2.2800000000000002
2022-04-17,1.06
2022-04-18,1.22
2022-04-19,1.0
2022-04-20,1.56
2022-04-21,1.5
2022-04-22,2.1100000000000003
2022-04-23,1.83
2022-04-24,1.72
2022-04-25,1.44
2022-04-26,1.56
2022-04-27,1.44
2022-04-28,1.44
2022-04-29,1.72
2022-04-30,2.0
2022-05-01,2.06
2022-05-02,1.33
2022-05-03,1.67
2022-05-04,1.83
2022-05-05,2.33
2022-05-06,1.61
2022-05-07,1.0
2022-05-08,1.44
2022-05-09,2.1100000000000003
2022-05-10,2.2800000000000002
2022-05-11,2.3899999999999997
2022-05-12,2.3899999999999997
2022-05-13,2.2199999999999998
2022-05-14,2.2199999999999998
2022-05-15,2.44
2022-05-16,2.3899999999999997
2022-05-17,2.5
2022-05-18,2.2199999999999998
2022-05-19,1.89
2022-05-20,2.06
2022-05-21,3.22
2022-05-22,3.17
2022-05-23,2.2800000000000002
2022-05-24,1.94
2022-05-25,2.1100000000000003
2022-05-26,2.1100000000000003
2022-05-27,2.67
2022-05-28,2.33
2022-05-29,2.5
2022-05-30,2.8899999999999997
2022-05-31,3.3899999999999997
2022-06-01,2.2199999999999998
2022-06-02,2.6100000000000003
2022-06-03,2.44
2022-06-04,2.67
2022-06-05,2.5
2022-06-06,2.67
2022-06-07,2.56
2022-06-08,2.7800000000000002
2022-06-09,2.7199999999999998
2022-06-10,2.5
2022-06-11,2.33
2022-06-12,2.2199999999999998
2022-06-13,2.94
2022-06-14,2.7199999999999998
2022-06-15,2.83
2022-06-16,2.17
2022-06-17,3.1100000000000003
2022-06-18,2.3899999999999997
2022-06-19,2.2800000000000002
2022-06-20,2.56
2022-06-21,2.67
2022-06-22,1.94
2022-06-23,2.33
2022-06-24,2.7199999999999998
2022-06-25,3.22
2022-06-26,3.17
2022-06-27,2.5
2022-06-28,2.6100000000000003
2022-06-29,2.8899999999999997
2022-06-30,3.0
2022-07-01,3.28
2022-07-02,3.06
2022-07-03,3.1100000000000003
2022-07-04,2.94
2022-07-05,3.06
2022-07-06,2.94
2022-07-07,2.8899999999999997
2022-07-08,2.83
2022-07-09,2.94
2022-07-10,2.83
2022-07-11,2.94
2022-07-12,3.22
2022-07-13,3.28
2022-07-14,3.22
2022-07-15,3.0
2022-07-16,2.94
2022-07-17,2.83
2022-07-18,2.7199999999999998
2022-07-19,3.22
2022-07-20,3.5
2022-07-21,3.3299999999999996
2022-07-22,3.44
2022-07-23,3.5
2022-07-24,3.5
2022-07-25,3.0
2022-07-26,2.7199999999999998
2022-07-27,2.94
2022-07-28,3.06
2022-07-29,2.94
2022-07-30,3.06
2022-07-31,3.0
2022-08-01,2.5
2022-08-02,3.22
2022-08-03,3.17
2022-08-04,3.3899999999999997
2022-08-05,3.17
2022-08-06,3.3299999999999996
2022-08-07,3.3299999999999996
2022-08-08,3.3899999999999997
2022-08-09,3.6100000000000003
2022-08-10,3.06
2022-08-11,3.17
2022-08-12,2.94
2022-08-13,2.6100000000000003
2022-08-14,2.7800000000000002
2022-08-15,2.83
2022-08-16,2.83
2022-08-17,2.7199999999999998
2022-08-18,3.06
2022-08-19,3.22
2022-08-20,3.22
2022-08-21,2.7800000000000002
2022-08-22,2.6100000000000003
2022-08-23,3.0
2022-08-24,3.22
2022-08-25,3.28
2022-08-26,3.06
2022-08-27,3.22
2022-08-28,2.7800000000000002
2022-08-29,2.94
2022-08-30,3.17
2022-08-31,2.94
2022-09-01,3.0
2022-09-02,2.6100000000000003
2022-09-03,2.7800000000000002
2022-09-04,3.22
2022-09-05,3.1100000000000003
2022-09-06,2.33
2022-09-07,2.2199999999999998
2022-09-08,2.56
2022-09-09,2.67
2022-09-10,3.0
2022-09-11,2.44
2022-09-12,2.7199999999999998
2022-09-13,2.7800000000000002
2022-09-14,2.67
2022-09-15,2.33
2022-09-16,2.3899999999999997
2022-09-17,2.44
2022-09-18,2.83
2022-09-19,2.94
2022-09-20,2.6100000000000003
2022-09-21,2.67
2022-09-22,2.3899999999999997
2022-09-23,1.72
2022-09-24,2.06
2022-09-25,2.2199999999999998
2022-09-26,2.33
2022-09-27,2.1100000000000003
2022-09-28,2.06
2022-09-29,1.89
2022-09-30,1.67
2022-10-01,1.61
2022-10-02,1.56
2022-10-03,1.17
2022-10-04,1.28
2022-10-05,1.5
2022-10-06,2.33
2022-10-07,2.44
2022-10-08,1.44
2022-10-09,1.61
2022-10-10,1.94
2022-10-11,2.1100000000000003
2022-10-12,2.1100000000000003
2022-10-13,2.06
2022-10-14,1.94
2022-10-15,2.0
2022-10-16,1.78
2022-10-17,1.89
2022-10-18,1.33
2022-10-19,1.22
2022-10-20,1.44
2022-10-21,1.67
2022-10-22,1.89
2022-10-23,1.61
2022-10-24,1.61
2022-10-25,2.1100000000000003
2022-10-26,2.2199999999999998
2022-10-27,1.83
2022-10-28,1.33
2022-10-29,1.44
2022-10-30,1.72
2022-10-31,1.83
2022-11-01,1.94
2022-11-02,2.1100000000000003
2022-11-03,1.94
2022-11-04,2.1100000000000003
2022-11-05,2.44
2022-11-06,2.3899999999999997
2022-11-07,2.5
2022-11-08,1.44
2022-11-09,1.17
2022-11-10,1.89
2022-11-11,2.0
2022-11-12,2.06
2022-11-13,1.61
2022-11-14,0.72
2022-11-15,0.78
2022-11-16,1.0
2022-11-17,0.78
2022-11-18,0.67
2022-11-19,0.44000000000000006
2022-11-20,0.44000000000000006
2022-11-21,0.5
2022-11-22,1.06
2022-11-23,1.28
2022-11-24,1.22
2022-11-25,1.28
2022-11-26,1.3900000000000001
2022-11-27,1.56
2022-11-28,1.22
2022-11-29,0.67
2022-11-30,1.44
2022-12-01,0.61
2022-12-02,0.8300000000000001
2022-12-03,1.44
2022-12-04,0.72
2022-12-05,0.89
2022-12-06,1.44
2022-12-07,1.5
2022-12-08,1.28
2022-12-09,0.72
2022-12-10,0.39
2022-12-11,0.44000000000000006
2022-12-12,0.32999999999999996
2022-12-13,0.44000000000000006
2022-12-14,0.39
2022-12-15,0.5599999999999999
2022-12-16,0.67
2022-12-17,0.67
2022-12-18,0.44000000000000006
2022-12-19,0.39
2022-12-20,0.39
2022-12-21,0.44000000000000006
2022-12-22,0.8300000000000001
2022-12-23,1.44
2022-12-24,-0.93
2022-12-25,-0.21000000000000002
2022-12-26,-0.16
2022-12-27,0.16999999999999998
2022-12-28,0.8300000000000001
2022-12-29,1.06
2022-12-30,1.67
2022-12-31,1.28
2023-01-01,1.28
2023-01-02,1.33
2023-01-03,1.44
2023-01-04,1.89
2023-01-05,1.0
2023-01-06,0.9400000000000001
2023-01-07,0.72
2023-01-08,0.5
2023-01-09,0.67
2023-01-10,0.5
2023-01-11,0.39
2023-01-12,1.28
2023-01-13,1.3900000000000001
2023-01-14,0.32999999999999996
2023-01-15,0.5
2023-01-16,0.89
2023-01-17,0.8300000000000001
2023-01-18,1.17
2023-01-19,0.67
2023-01-20,0.9400000000000001
2023-01-21,0.5599999999999999
2023-01-22,0.5599999999999999
2023-01-23,0.39
2023-01-24,0.78
2023-01-25,1.22
2023-01-26,1.3900000000000001
2023-01-27,0.67
2023-01-28,1.1099999999999999
2023-01-29,1.17
2023-01-30,1.28
2023-01-31,1.0
2023-02-01,0.32999999999999996
2023-02-02,0.44000000000000006
2023-02-03,0.16999999999999998
2023-02-04,-0.27
2023-02-05,0.9400000000000001
2023-02-06,1.1099999999999999
2023-02-07,0.61
2023-02-08,1.17
2023-02-09,1.28
2023-02-10,1.61
2023-02-11,0.78
2023-02-12,0.89
2023-02-13,1.3900000000000001
2023-02-14,1.22
2023-02-15,1.94
2023-02-16,2.1100000000000003
2023-02-17,1.61
2023-02-18,0.61
2023-02-19,1.0
2023-02-20,1.61
2023-02-21,1.0
2023-02-22,0.67
2023-02-23,0.67
2023-02-24,0.72
2023-02-25,0.06
2023-02-26,1.0
2023-02-27,0.78
2023-02-28,0.32999999999999996
2023-03-01,0.67
2023-03-02,1.22
2023-03-03,0.8300000000000001
2023-03-04,0.72
2023-03-05,1.17
2023-03-06,1.1099999999999999
2023-03-07,0.8300000000000001
2023-03-08,0.89
2023-03-09,1.06
2023-03-10,0.78
2023-03-11,0.72
2023-03-12,0.89
2023-03-13,0.72
2023-03-14,0.32999999999999996
2023-03-15,0.72
2023-03-16,1.5
2023-03-17,1.56
2023-03-18,1.33
2023-03-19,0.44000000000000006
2023-03-20,1.06
2023-03-21,1.72
2023-03-22,1.67
2023-03-23,1.56
2023-03-24,1.28
2023-03-25,0.8300000000000001
2023-03-26,1.72
2023-03-27,1.67
2023-03-28,1.1099999999999999
2023-03-29,1.28
2023-03-30,0.78
2023-03-31,1.3900000000000001
2023-04-01,2.2199999999999998
2023-04-02,1.06
2023-04-03,1.5
2023-04-04,2.2800000000000002
2023-04-05,1.3900000000000001
2023-04-06,2.67
2023-04-07,1.56
2023-04-08,1.22
2023-04-09,1.3900000000000001
2023-04-10,2.0
2023-04-11,2.3899999999999997
2023-04-12,2.8899999999999997
2023-04-13,3.22
2023-04-14,3.28
2023-04-15,2.3899999999999997
2023-04-16,2.17
2023-04-17,2.0
2023-04-18,1.3900000000000001
2023-04-19,1.78
2023-04-20,1.89
2023-04-21,2.17
2023-04-22,1.94
2023-04-23,2.06
2023-04-24,1.67
2023-04-25,1.56
2023-04-26,1.56
2023-04-27,1.3900000000000001
2023-04-28,1.33
2023-04-29,1.17
2023-04-30,1.56
2023-05-01,1.61
2023-05-02,1.33
2023-05-03,1.3900000000000001
2023-05-04,1.28
2023-05-05,1.89
2023-05-06,2.2800000000000002
2023-05-07,2.56
2023-05-08,2.5
2023-05-09,2.17
2023-05-10,2.2800000000000002
2023-05-11,2.67
2023-05-12,3.06
2023-05-13,2.7800000000000002
2023-05-14,2.33
2023-05-15,2.33
2023-05-16,2.6100000000000003
2023-05-17,2.06
2023-05-18,1.61
2023-05-19,2.1100000000000003
2023-05-20,1.83
2023-05-21,2.1100000000000003
2023-05-22,2.3899999999999997
2023-05-23,2.1100000000000003
2023-05-24,2.5
2023-05-25,2.0
2023-05-26,2.2199999999999998
2023-05-27,2.56
2023-05-28,2.6100000000000003
2023-05-29,2.6100000000000003
2023-05-30,2.2199999999999998
2023-05-31,2.5
2023-06-01,3.06
2023-06-02,3.28
2023-06-03,2.06
2023-06-04,2.06
2023-06-05,2.44
2023-06-06,2.6100000000000003
2023-06-07,2.06
2023-06-08,2.2199999999999998
2023-06-09,2.2199999999999998
2023-06-10,2.56
2023-06-11,2.7800000000000002
2023-06-12,2.56
2023-06-13,2.56
2023-06-14,2.44
2023-06-15,2.5
2023-06-16,2.6100000000000003
2023-06-17,2.5
2023-06-18,2.67
2023-06-19,2.7199999999999998
2023-06-20,2.56
2023-06-21,2.2800000000000002
2023-06-22,2.2199999999999998
2023-06-23,2.17
2023-06-24,2.56
2023-06-25,2.94
2023-06-26,2.56
2023-06-27,2.6100000000000003
2023-06-28,2.7800000000000002
2023-06-29,2.7800000000000002
2023-06-30,2.8899999999999997
2023-07-01,2.7800000000000002
2023-07-02,3.1100000000000003
2023-07-03,3.17
2023-07-04,2.83
2023-07-05,3.3899999999999997
2023-07-06,3.22
2023-07-07,3.06
2023-07-08,3.1100000000000003
2023-07-09,2.7800000000000002
2023-07-10,2.8899999999999997
2023-07-11,3.17
2023-07-12,3.28
2023-07-13,3.1100000000000003
2023-07-14,2.8899999999999997
2023-07-15,3.1100000000000003
2023-07-16,2.56
2023-07-17,3.1100000000000003
2023-07-18,2.8899999999999997
2023-07-19,2.67
2023-07-20,3.1100000000000003
2023-07-21,2.8899999999999997
2023-07-22,2.94
2023-07-23,3.1100000000000003
2023-07-24,2.94
2023-07-25,3.0
2023-07-26,3.06
2023-07-27,3.3299999999999996
2023-07-28,3.3299999999999996
2023-07-29,3.17
2023-07-30,2.67
2023-07-31,2.94
2023-08-01,2.7800000000000002
2023-08-02,2.7199999999999998
2023-08-03,2.67
2023-08-04,2.5
2023-08-05,3.06
2023-08-06,3.06
2023-08-07,2.7199999999999998
2023-08-08,2.67
2023-08-09,3.0
2023-08-10,2.7199999999999998
2023-08-11,2.94
2023-08-12,2.94
2023-08-13,3.1100000000000003
2023-08-14,3.06
2023-08-15,2.67
2023-08-16,2.7800000000000002
2023-08-17,2.6100000000000003
2023-08-18,2.67
2023-08-19,2.56
2023-08-20,2.94
2023-08-21,3.1100000000000003
2023-08-22,2.6100000000000003
2023-08-23,2.67
2023-08-24,2.2800000000000002
2023-08-25,2.56
2023-08-26,2.8899999999999997
2023-08-27,2.8899999999999997
2023-08-28,2.44
2023-08-29,2.67
2023-08-30,2.83
2023-08-31,2.5
2023-09-01,2.44
2023-09-02,2.6100000000000003
2023-09-03,3.1100000000000003
2023-09-04,3.17
2023-09-05,3.3299999999999996
2023-09-06,3.3899999999999997
2023-09-07,3.3899999999999997
2023-09-08,3.22
2023-09-09,2.8899999999999997
2023-09-10,2.5
2023-09-11,2.7800000000000002
2023-09-12,2.7800000000000002
2023-09-13,2.6100000000000003
2023-09-14,2.5
2023-09-15,2.06
2023-09-16,2.3899999999999997
2023-09-17,2.5
2023-09-18,2.0
2023-09-19,2.2199999999999998
2023-09-20,2.33
2023-09-21,2.17
2023-09-22,2.17
2023-09-23,1.72
2023-09-24,1.89
2023-09-25,1.89
2023-09-26,1.56
2023-09-27,1.78
2023-09-28,1.83
2023-09-29,1.72
2023-09-30,1.89
2023-10-01,2.44
2023-10-02,2.5
2023-10-03,2.67
2023-10-04,2.83
2023-10-05,2.5
2023-10-06,2.17
2023-10-07,2.06
2023-10-08,1.5
2023-10-09,1.56
2023-10-10,1.72
2023-10-11,2.06
2023-10-12,2.06
2023-10-13,1.72
2023-10-14,1.33
2023-10-15,1.56
2023-10-16,1.72
2023-10-17,1.61
2023-10-18,1.72
2023-10-19,1.78
2023-10-20,1.72
2023-10-21,1.72
2023-10-22,1.3900000000000001
2023-10-23,1.56
2023-10-24,1.83
2023-10-25,2.2199999999999998
2023-10-26,2.5
2023-10-27,2.33
2023-10-28,2.67
2023-10-29,1.72
2023-10-30,1.56
2023-10-31,1.06
2023-11-01,0.9400000000000001
2023-11-02,0.89
2023-11-03,1.28
2023-11-04,1.61
2023-11-05,1.83
2023-11-06,1.33
2023-11-07,1.78
2023-11-08,1.22
2023-11-09,1.3900000000000001
2023-11-10,1.17
2023-11-11,1.28
2023-11-12,0.67
2023-11-13,0.9400000000000001
2023-11-14,1.17
2023-11-15,1.17
2023-11-16,1.83
2023-11-17,1.94
2023-11-18,1.72
2023-11-19,1.28
2023-11-20,0.78
2023-11-21,0.89
2023-11-22,1.22
2023-11-23,1.1099999999999999
2023-11-24,1.06
2023-11-25,0.44000000000000006
2023-11-26,1.33
2023-11-27,1.33
2023-11-28,0.5
2023-11-29,0.32999999999999996
2023-11-30,1.06
2023-12-01,1.06
2023-12-02,1.56
2023-12-03,1.17
2023-12-04,1.22
2023-12-05,0.61
2023-12-06,0.61
2023-12-07,0.39
2023-12-08,1.06
2023-12-09,1.5
2023-12-10,1.61
2023-12-11,1.0
2023-12-12,0.67
2023-12-13,0.8300000000000001
2023-12-14,0.5
2023-12-15,1.44
2023-12-16,1.22
2023-12-17,1.5
2023-12-18,1.67
2023-12-19,0.67
2023-12-20,0.78
2023-12-21,0.5599999999999999
2023-12-22,0.27999999999999997
2023-12-23,0.67
2023-12-24,0.9400000000000001
2023-12-25,0.9400000000000001
2023-12-26,1.06
2023-12-27,1.0
2023-12-28,1.28
2023-12-29,1.28
2023-12-30,0.78
2023-12-31,0.61
2024-01-01,0.8300000000000001
2024-01-02,0.5599999999999999
2024-01-03,0.61
2024-01-04,0.72
2024-01-05,0.27999999999999997
2024-01-06,0.32999999999999996
2024-01-07,0.32999999999999996
2024-01-08,0.72
2024-01-09,1.3900000000000001
2024-01-10,1.3900000000000001
2024-01-11,0.8300000000000001
2024-01-12,1.0
2024-01-13,1.56
2024-01-14,0.67
2024-01-15,-0.16
2024-01-16,0.0
2024-01-17,-0.43
2024-01-18,0.11000000000000001
2024-01-19,0.0
2024-01-20,-0.32
2024-01-21,-0.05
2024-01-22,0.32999999999999996
2024-01-23,0.44000000000000006
2024-01-24,0.89
2024-01-25,1.5
2024-01-26,0.78
2024-01-27,0.9400000000000001
2024-01-28,0.67
2024-01-29,0.44000000000000006
2024-01-30,0.32999999999999996
2024-01-31,0.44000000000000006
2024-02-01,0.78
2024-02-02,0.78
2024-02-03,0.61
2024-02-04,0.78
2024-02-05,0.72
2024-02-06,0.5599999999999999
2024-02-07,0.89
2024-02-08,1.17
2024-02-09,1.28
2024-02-10,1.56
2024-02-11,1.33
2024-02-12,0.89
2024-02-13,0.5
2024-02-14,0.32999999999999996
2024-02-15,0.39
2024-02-16,0.61
2024-02-17,0.22000000000000003
2024-02-18,0.44000000000000006
2024-02-19,0.5
2024-02-20,0.44000000000000006
2024-02-21,0.61
2024-02-22,0.72
2024-02-23,0.8300000000000001
2024-02-24,0.67
2024-02-25,0.5
2024-02-26,1.28
2024-02-27,1.28
2024-02-28,1.67
2024-02-29,0.61
2024-03-01,0.89
2024-03-02,1.28
2024-03-03,2.0
2024-03-04,1.5
2024-03-05,0.9400000000000001
2024-03-06,1.17
2024-03-07,1.22
2024-03-08,1.3900000000000001
2024-03-09,0.9400000000000001
2024-03-10,1.06
2024-03-11,1.1099999999999999
2024-03-12,1.89
2024-03-13,1.67
2024-03-14,2.33
2024-03-15,2.2800000000000002
2024-03-16,1.61
2024-03-17,1.72
2024-03-18,1.06
2024-03-19,0.89
2024-03-20,1.3900000000000001
2024-03-21,0.61
2024-03-22,0.78
2024-03-23,1.0
2024-03-24,0.89
2024-03-25,1.17
2024-03-26,1.17
2024-03-27,1.1099999999999999
2024-03-28,1.06
2024-03-29,1.33
2024-03-30,1.67
2024-03-31,1.67
2024-04-01,1.22
2024-04-02,1.06
2024-04-03,0.72
2024-04-04,1.17
2024-04-05,1.0
2024-04-06,1.22
2024-04-07,1.56
2024-04-08,2.06
2024-04-09,2.67
2024-04-10,1.94
2024-04-11,1.61
2024-04-12,1.72
2024-04-13,1.33
2024-04-14,2.3899999999999997
2024-04-15,2.7800000000000002
2024-04-16,2.2800000000000002
2024-04-17,1.67
2024-04-18,1.0
2024-04-19,1.56
2024-04-20,2.17
2024-04-21,1.22
2024-04-22,1.78
2024-04-23,1.83
2024-04-24,2.33
2024-04-25,1.56
2024-04-26,1.83
2024-04-27,1.78
2024-04-28,2.6100000000000003
2024-04-29,3.06
2024-04-30,1.89
2024-05-01,2.67
2024-05-02,2.6100000000000003
2024-05-03,1.83
2024-05-04,1.72
2024-05-05,1.22
2024-05-06,2.33
2024-05-07,2.67
2024-05-08,2.8899999999999997
2024-05-09,2.1100000000000003
2024-05-10,1.33
2024-05-11,1.78
2024-05-12,1.3900000000000001
2024-05-13,1.83
2024-05-14,2.2199999999999998
2024-05-15,1.78
2024-05-16,1.78
2024-05-17,2.2199999999999998
2024-05-18,2.06
2024-05-19,2.3899999999999997
2024-05-20,2.33
2024-05-21,2.83
2024-05-22,2.8899999999999997
2024-05-23,2.6100000000000003
2024-05-24,2.8899999999999997
2024-05-25,2.7199999999999998
2024-05-26,2.7800000000000002
2024-05-27,2.2800000000000002
2024-05-28,2.6100000000000003
2024-05-29,2.44
2024-05-30,2.17
2024-05-31,2.3899999999999997
2024-06-01,2.83
2024-06-02,2.7199999999999998
2024-06-03,3.0
2024-06-04,2.6100000000000003
2024-06-05,2.6100000000000003
2024-06-06,2.7199999999999998
2024-06-07,2.7800000000000002
2024-06-08,2.44
2024-06-09,2.33
2024-06-10,2.3899999999999997
2024-06-11,2.2800000000000002
2024-06-12,2.44
2024-06-13,2.8899999999999997
2024-06-14,2.94
2024-06-15,2.67
2024-06-16,2.56
2024-06-17,2.83
2024-06-18,3.0
2024-06-19,3.17
2024-06-20,3.28
2024-06-21,3.44
2024-06-22,3.3899999999999997
2024-06-23,3.3299999999999996
2024-06-24,2.67
2024-06-25,3.22
2024-06-26,3.3899999999999997
2024-06-27,2.8899999999999997
2024-06-28,2.6100000000000003
2024-06-29,2.6100000000000003
2024-06-30,2.94
2024-07-01,2.7199999999999998
2024-07-02,3.0
2024-07-03,2.83
2024-07-04,3.17
2024-07-05,3.22
2024-07-06,3.3299999999999996
2024-07-07,3.3899999999999997
2024-07-08,3.5
2024-07-09,3.17
2024-07-10,3.28
2024-07-11,3.17
2024-07-12,2.8899999999999997
2024-07-13,3.06
2024-07-14,3.22
2024-07-15,3.28
2024-07-16,3.44
2024-07-17,3.22
2024-07-18,3.0
2024-07-19,2.83
2024-07-20,2.83
2024-07-21,3.1100000000000003
2024-07-22,2.8899999999999997
2024-07-23,2.7199999999999998
2024-07-24,2.7199999999999998
2024-07-25,2.83
2024-07-26,2.8899999999999997
2024-07-27,3.06
2024-07-28,3.17
2024-07-29,2.8899999999999997
2024-07-30,3.1100000000000003
2024-07-31,3.17
2024-08-01,3.5
2024-08-02,3.3299999999999996
2024-08-03,3.3899999999999997
2024-08-04,2.83
2024-08-05,3.22
2024-08-06,3.22
2024-08-07,2.2199999999999998
2024-08-08,2.1100000000000003
2024-08-09,2.67
2024-08-10,2.94
2024-08-11,2.67
2024-08-12,2.7199999999999998
2024-08-13,2.7199999999999998
2024-08-14,2.94
2024-08-15,3.0
2024-08-16,3.06
2024-08-17,2.6100000000000003
2024-08-18,2.7199999999999998
2024-08-19,2.8899999999999997
2024-08-20,2.2199999999999998
2024-08-21,2.2800000000000002
2024-08-22,2.44
2024-08-23,2.67
2024-08-24,2.83
2024-08-25,2.94
2024-08-26,2.94
2024-08-27,3.0
2024-08-28,3.28
2024-08-29,2.7800000000000002
2024-08-30,2.33
2024-08-31,2.5
2024-09-01,2.7199999999999998
2024-09-02,2.6100000000000003
2024-09-03,2.33
2024-09-04,2.5
2024-09-05,2.5
2024-09-06,2.56
2024-09-07,2.44
2024-09-08,2.06
2024-09-09,2.3899999999999997
2024-09-10,2.56
2024-09-11,2.6100000000000003
2024-09-12,2.67
2024-09-13,2.7800000000000002
2024-09-14,2.83
2024-09-15,2.67
2024-09-16,2.5
2024-09-17,2.6100000000000003
2024-09-18,2.3899999999999997
2024-09-19,2.8899999999999997
2024-09-20,2.7199999999999998
2024-09-21,2.6100000000000003
2024-09-22,2.33
2024-09-23,1.94
2024-09-24,2.0
2024-09-25,2.0
2024-09-26,2.33
2024-09-27,2.33
2024-09-28,2.0
2024-09-29,1.72
2024-09-30,2.2199999999999998
2024-10-01,2.06
2024-10-02,2.0
2024-10-03,2.2199999999999998
2024-10-04,2.2800000000000002
2024-10-05,2.3899999999999997
2024-10-06,2.17
2024-10-07,2.3899999999999997
2024-10-08,2.0
2024-10-09,2.0
2024-10-10,1.67
2024-10-11,2.0
2024-10-12,2.33
2024-10-13,2.06
2024-10-14,1.89
2024-10-15,1.3900000000000001
2024-10-16,1.5
2024-10-17,1.44
2024-10-18,1.89
2024-10-19,2.17
2024-10-20,2.2800000000000002
2024-10-21,2.6100000000000003
2024-10-22,2.7199999999999998
2024-10-23,2.3899999999999997
2024-10-24,2.06
2024-10-25,1.67
2024-10-26,1.78
2024-10-27,1.3900000000000001
2024-10-28,1.61
2024-10-29,1.72
2024-10-30,2.44
2024-10-31,2.7199999999999998
2024-11-01,2.6100000000000003
2024-11-02,1.56
2024-11-03,1.22
2024-11-04,1.44
2024-11-05,2.2800000000000002
2024-11-06,2.67
2024-11-07,2.2800000000000002
2024-11-08,2.06
2024-11-09,1.22
2024-11-10,1.44
2024-11-11,2.0
2024-11-12,1.5
2024-11-13,1.0
2024-11-14,0.8300000000000001
2024-11-15,1.44
2024-11-16,1.67
2024-11-17,1.72
2024-11-18,1.89
2024-11-19,1.56
2024-11-20,1.56
2024-11-21,1.22
2024-11-22,0.44000000000000006
2024-11-23,0.9400000000000001
2024-11-24,1.17
2024-11-25,1.22
2024-11-26,1.44
2024-11-27,1.1099999999999999
2024-11-28,0.9400000000000001
2024-11-29,0.8300000000000001
2024-11-30,0.39
2024-12-01,0.32999999999999996
2024-12-02,0.39
2024-12-03,0.5599999999999999
2024-12-04,0.5599999999999999
2024-12-05,0.44000000000000006
2024-12-06,0.11000000000000001
2024-12-07,0.5
2024-12-08,1.28
2024-12-09,1.06
2024-12-10,1.0
2024-12-11,1.56
2024-12-12,0.5
2024-12-13,0.06
2024-12-14,0.11000000000000001
2024-12-15,0.5
2024-12-16,1.1099999999999999
2024-12-17,1.5
2024-12-18,1.17
2024-12-19,0.72
2024-12-20,0.27999999999999997
2024-12-21,0.06
2024-12-22,-0.6
2024-12-23,-0.05
2024-12-24,0.39
2024-12-25,0.16999999999999998
2024-12-26,0.22000000000000003
2024-12-27,0.67
2024-12-28,1.22
2024-12-29,1.56
2024-12-30,1.44
2024-12-31,1.17
2025-01-01,1.06
2025-01-02,0.61
2025-01-03,0.39
2025-01-04,0.06
2025-01-05,0.06
2025-01-06,-0.1
2025-01-07,0.06
2025-01-08,-0.1
2025-01-09,0.06
2025-01-10,0.39
2025-01-11,0.22000000000000003
2025-01-12,0.5599999999999999
2025-01-13,0.5599999999999999
2025-01-14,0.16999999999999998
2025-01-15,0.0
2025-01-16,-0.1
2025-01-17,0.5599999999999999
2025-01-18,0.78
2025-01-19,0.5
2025-01-20,-0.32
2025-01-21,-0.71
2025-01-22,-0.6599999999999999
2025-01-23,-0.21000000000000002
2025-01-24,0.06
2025-01-25,0.06
2025-01-26,0.61
2025-01-27,0.44000000000000006
2025-01-28,0.5599999999999999
2025-01-29,1.1099999999999999
2025-01-30,0.32999999999999996
2025-01-31,0.89
2025-02-01,0.89
2025-02-02,-0.05
2025-02-03,0.9400000000000001
2025-02-04,0.8300000000000001
2025-02-05,0.22000000000000003
2025-02-06,0.32999999999999996
2025-02-07,0.61
2025-02-08,0.16999999999999998
2025-02-09,0.22000000000000003
2025-02-10,0.27999999999999997
2025-02-11,0.16999999999999998
2025-02-12,0.22000000000000003
2025-02-13,0.78
2025-02-14,0.22000000000000003
2025-02-15,0.16999999999999998
2025-02-16,0.8300000000000001
2025-02-17,0.22000000000000003
2025-02-18,-0.27
2025-02-19,-0.1
2025-02-20,-0.16
2025-02-21,0.16999999999999998
2025-02-22,0.44000000000000006
2025-02-23,0.78
2025-02-24,0.9400000000000001
2025-02-25,1.3900000000000001
2025-02-26,1.33
2025-02-27,1.22
2025-02-28,1.06
2025-03-01,1.78
2025-03-02,0.06
2025-03-03,0.39
2025-03-04,1.1099999999999999
2025-03-05,1.22
2025-03-06,1.28
2025-03-07,1.0
2025-03-08,0.72
2025-03-09,1.17
2025-03-10,1.89
2025-03-11,1.83
2025-03-12,1.28
2025-03-13,1.0
2025-03-14,1.3900000000000001
2025-03-15,0.9400000000000001
2025-03-16,1.61
2025-03-17,1.5
2025-03-18,1.61
2025-03-19,1.72
2025-03-20,1.1099999999999999
2025-03-21,1.06
2025-03-22,1.78
2025-03-23,0.89
2025-03-24,1.0
2025-03-25,1.44
2025-03-26,1.17
2025-03-27,1.17
2025-03-28,1.72
2025-03-29,2.7199999999999998
2025-03-30,0.89
2025-03-31,2.2800000000000002
2025-04-01,1.44
2025-04-02,0.9400000000000001
2025-04-03,2.2800000000000002
2025-04-04,2.2800000000000002
2025-04-05,1.5
2025-04-06,1.33
2025-04-07,1.0
2025-04-08,0.72
2025-04-09,0.9400000000000001
2025-04-10,1.06
2025-04-11,0.78
2025-04-12,0.44000000000000006
2025-04-13,1.44
2025-04-14,1.89
2025-04-15,2.06
2025-04-16,1.0
2025-04-17,1.78
2025-04-18,2.0
2025-04-19,2.94
2025-04-20,2.2800000000000002
2025-04-21,1.3900000000000001
2025-04-22,2.7800000000000002
2025-04-23,2.44
2025-04-24,2.5
2025-04-25,2.5
2025-04-26,2.33
2025-04-27,1.5
2025-04-28,2.44
2025-04-29,2.6100000000000003
2025-04-30,2.2800000000000002
2025-05-01,2.17
2025-05-02,2.8899999999999997
2025-05-03,2.94
2025-05-04,2.06
2025-05-05,1.61
2025-05-06,1.78
2025-05-07,2.33
2025-05-08,2.56
2025-05-09,1.56
2025-05-10,2.2199999999999998
2025-05-11,2.5
2025-05-12,2.2199999999999998
2025-05-13,2.06
2025-05-14,1.67
2025-05-15,2.06
2025-05-16,2.2199999999999998
2025-05-17,2.7800000000000002
2025-05-18,2.2800000000000002
2025-05-19,2.06
2025-05-20,1.94
2025-05-21,1.5
2025-05-22,1.06
2025-05-23,1.72
2025-05-24,1.78
2025-05-25,1.89
2025-05-26,2.2800000000000002
2025-05-27,2.33
2025-05-28,1.83
2025-05-29,1.94
2025-05-30,2.3899999999999997
2025-05-31,1.94
2025-06-01,1.89
2025-06-02,2.17
2025-06-03,2.6100000000000003
2025-06-04,2.83
2025-06-05,3.06
2025-06-06,2.8899999999999997
2025-06-07,2.44
2025-06-08,2.44
2025-06-09,1.78
2025-06-10,2.2800000000000002
2025-06-11,2.7199999999999998
2025-06-12,3.06
2025-06-13,2.56
2025-06-14,2.0
2025-06-15,1.78
2025-06-16,2.06
2025-06-17,1.94
2025-06-18,2.8899999999999997
2025-06-19,3.1100000000000003
2025-06-20,2.7800000000000002
2025-06-21,3.0
2025-06-22,3.1100000000000003
2025-06-23,3.56
2025-06-24,3.72
2025-06-25,3.56
2025-06-26,2.94
2025-06-27,2.2199999999999998
2025-06-28,2.83
2025-06-29,3.17
2025-06-30,3.22
2025-07-01,3.17
2025-07-02,2.8899999999999997
2025-07-03,3.1100000000000003
2025-07-04,2.83
2025-07-05,2.8899999999999997
2025-07-06,3.06
2025-07-07,3.06
2025-07-08,3.3899999999999997
2025-07-09,3.22
2025-07-10,2.8899999999999997
2025-07-11,2.8899999999999997
2025-07-12,2.83
2025-07-13,2.83
2025-07-14,2.94
2025-07-15,3.0
2025-07-16,3.06
2025-07-17,3.22
2025-07-18,2.7800000000000002
2025-07-19,2.7199999999999998
2025-07-20,3.1100000000000003
2025-07-21,2.94
2025-07-22,2.7199999999999998
2025-07-23,2.67
2025-07-24,3.06
2025-07-25,3.5
2025-07-26,2.94
2025-07-27,2.8899999999999997
2025-07-28,3.44
2025-07-29,3.6100000000000003
2025-07-30,3.5
2025-07-31,3.17
2025-08-01,2.2800000000000002
2025-08-02,2.67
2025-08-03,2.8899999999999997
2025-08-04,3.17
2025-08-05,3.0
2025-08-06,2.6100000000000003
2025-08-07,2.7199999999999998
2025-08-08,2.7800000000000002
2025-08-09,2.94
2025-08-10,3.22
2025-08-11,3.17
2025-08-12,3.28
2025-08-13,3.17
2025-08-14,3.17
2025-08-15,3.17
2025-08-16,2.8899999999999997
2025-08-17,3.28
2025-08-18,2.3899999999999997
2025-08-19,2.5
2025-08-20,2.1100000000000003
2025-08-21,2.2199999999999998
2025-08-22,2.83
2025-08-23,2.7800000000000002
2025-08-24,2.67
2025-08-25,3.0
2025-08-26,2.6100000000000003
2025-08-27,2.3899999999999997
2025-08-28,2.56
2025-08-29,2.56
2025-08-30,2.44
2025-08-31,2.6100000000000003
2025-09-01,2.56
2025-09-02,2.6100000000000003
2025-09-03,2.6100000000000003
2025-09-04,2.5
2025-09-05,2.7800000000000002
2025-09-06,3.0
2025-09-07,2.06
2025-09-08,2.2800000000000002
2025-09-09,2.2800000000000002
2025-09-10,2.2800000000000002
2025-09-11,2.6100000000000003
2025-09-12,2.56
2025-09-13,2.5
2025-09-14,2.7199999999999998
2025-09-15,2.6100000000000003
2025-09-16,2.33
2025-09-17,2.1100000000000003
2025-09-18,2.83
2025-09-19,2.8899999999999997
2025-09-20,2.2800000000000002
2025-09-21,2.17
2025-09-22,2.2800000000000002
2025-09-23,2.83
2025-09-24,2.67
2025-09-25,2.5
2025-09-26,2.7800000000000002
2025-09-27,2.6100000000000003
2025-09-28,2.83
2025-09-29,2.56
2025-09-30,2.7199999999999998
2025-10-01,2.06
2025-10-02,1.89
2025-10-03,2.17
2025-10-04,2.7800000000000002
2025-10-05,2.8899999999999997
2025-10-06,2.67
2025-10-07,2.67
2025-10-08,2.2199999999999998
2025-10-09,1.5
2025-10-10,1.67
2025-10-11,1.78
2025-10-12,1.72
2025-10-13,1.44
2025-10-14,1.61
2025-10-15,2.0
2025-10-16,1.61
2025-10-17,1.72
2025-10-18,1.83
2025-10-19,2.1100000000000003
2025-10-20,2.0
2025-10-21,1.89
2025-10-22,1.67
2025-10-23,1.56
2025-10-24,1.5
2025-10-25,1.44
2025-10-26,1.5
2025-10-27,1.28
2025-10-28,1.22
2025-10-29,1.33
2025-10-30,1.72
2025-10-31,1.44
2025-11-01,1.44
2025-11-02,1.5
2025-11-03,1.5
2025-11-04,1.5
2025-11-05,1.89
2025-11-06,1.3900000000000001
2025-11-07,1.61
2025-11-08,1.83
2025-11-09,1.72
2025-11-10,1.5
2025-11-11,0.5
2025-11-12,1.0
2025-11-13,1.06
2025-11-14,1.06
2025-11-15,1.0
2025-11-16,1.33
2025-11-17,0.67
2025-11-18,0.72
2025-11-19,0.8300000000000001
2025-11-20,0.8300000000000001
2025-11-21,1.1099999999999999
2025-11-22,1.1099999999999999
2025-11-23,0.9400000000000001
2025-11-24,1.1099999999999999
2025-11-25,1.44
2025-11-26,1.5
2025-11-27,0.9400000000000001
2025-11-28,0.61
2025-11-29,0.5599999999999999
2025-11-30,0.8300000000000001
2025-12-01,0.61
2025-12-02,0.44000000000000006
2025-12-03,0.5
2025-12-04,0.5
2025-12-05,0.0
2025-12-06,0.5599999999999999
2025-12-07,0.61
2025-12-08,0.32999999999999996
2025-12-09,0.16999999999999998
2025-12-10,0.8300000000000001
2025-12-11,0.5
2025-12-12,0.16999999999999998
2025-12-13,0.5
2025-12-14,0.06
2025-12-15,-0.16999999999999998
2025-12-16,0.0
2025-12-17,0.8300000000000001
2025-12-18,1.0
2025-12-19,1.44
2025-12-20,0.32999999999999996
2025-12-21,0.78
2025-12-22,0.39
2025-12-23,0.44000000000000006
2025-12-24,0.78
2025-12-25,0.9400000000000001
2025-12-26,-0.16999999999999998
2025-12-27,-0.06
2025-12-28,0.39
2025-12-29,0.9400000000000001
2025-12-30,0.06
